filename,width,height,class,xmin,ymin,xmax,ymax
101.jpg,276,183,nail,141,104,149,111
101.jpg,276,183,nail,122,111,129,118
101.jpg,276,183,nail,156,76,167,84
101.jpg,276,183,nail,145,78,157,90
101.jpg,276,183,nail,164,46,173,55
102.jpg,347,145,nail,199,111,223,126
102.jpg,347,145,nail,242,111,266,127
102.jpg,347,145,nail,273,126,285,135
102.jpg,347,145,nail,290,123,303,133
102.jpg,347,145,nail,308,112,320,120
102.jpg,347,145,nail,326,99,332,105
102.jpg,347,145,nail,180,129,193,137
102.jpg,347,145,nail,165,122,176,132
102.jpg,347,145,nail,151,114,160,123
102.jpg,347,145,nail,139,101,143,107
103.jpg,296,170,nail,174,137,184,160
103.jpg,296,170,nail,157,146,165,156
103.jpg,296,170,nail,141,144,149,154
103.jpg,296,170,nail,125,145,133,154
103.jpg,296,170,nail,110,143,117,150
103.jpg,296,170,nail,126,14,136,24
103.jpg,296,170,nail,146,16,154,24
105.jpg,217,232,nail,32,78,57,105
105.jpg,217,232,nail,82,80,97,89
105.jpg,217,232,nail,107,83,122,95
105.jpg,217,232,nail,126,105,138,115
105.jpg,217,232,nail,150,128,160,136
106.jpg,275,183,nail,153,134,163,139
106.jpg,275,183,nail,144,138,151,142
106.jpg,275,183,nail,135,139,142,144
106.jpg,275,183,nail,128,145,135,150
106.jpg,275,183,nail,114,144,119,149
106.jpg,275,183,nail,178,117,187,122
106.jpg,275,183,nail,185,107,190,112
106.jpg,275,183,nail,190,108,198,115
106.jpg,275,183,nail,167,119,179,129
108.jpg,275,183,nail,114,74,123,85
108.jpg,275,183,nail,136,80,144,94
108.jpg,275,183,nail,159,74,167,88
108.jpg,275,183,nail,76,68,83,81
108.jpg,275,183,nail,64,72,72,85
108.jpg,275,183,nail,48,69,58,81
108.jpg,275,183,nail,106,25,115,40
108.jpg,275,183,nail,167,50,173,66
108.jpg,275,183,nail,211,154,224,160
108.jpg,275,183,nail,209,160,216,163
108.jpg,275,183,nail,198,162,205,166
108.jpg,275,183,nail,185,164,191,168
110.jpg,340,148,nail,139,115,169,134
110.jpg,340,148,nail,110,124,128,133
110.jpg,340,148,nail,88,119,103,128
110.jpg,340,148,nail,64,111,79,121
110.jpg,340,148,nail,70,69,92,90
110.jpg,340,148,nail,96,65,118,89
110.jpg,340,148,nail,32,58,45,75
110.jpg,340,148,nail,48,87,57,97
110.jpg,340,148,nail,193,122,225,146
110.jpg,340,148,nail,238,120,254,130
110.jpg,340,148,nail,257,112,273,122
110.jpg,340,148,nail,277,97,291,108
110.jpg,340,148,nail,260,50,279,70
110.jpg,340,148,nail,235,50,256,76
110.jpg,340,148,nail,219,30,240,50
110.jpg,340,148,nail,298,31,311,47
110.jpg,340,148,nail,298,70,304,81
112.jpg,275,183,nail,131,130,166,162
112.jpg,275,183,nail,182,140,198,154
112.jpg,275,183,nail,207,128,223,141
112.jpg,275,183,nail,223,112,233,123
112.jpg,275,183,nail,39,60,50,69
112.jpg,275,183,nail,63,66,71,73
113.jpg,225,225,nail,71,110,97,134
113.jpg,225,225,nail,106,124,122,140
113.jpg,225,225,nail,127,108,141,123
113.jpg,225,225,nail,145,93,159,109
113.jpg,225,225,nail,163,81,172,94
114.jpg,239,211,nail,33,16,43,27
114.jpg,239,211,nail,48,17,54,23
114.jpg,239,211,nail,58,17,62,23
114.jpg,239,211,nail,66,20,71,25
114.jpg,239,211,nail,79,27,84,33
114.jpg,239,211,nail,193,18,202,29
114.jpg,239,211,nail,189,14,193,20
114.jpg,239,211,nail,182,10,187,16
114.jpg,239,211,nail,175,10,180,16
114.jpg,239,211,nail,165,14,169,19
115.jpg,278,181,nail,153,117,178,131
115.jpg,278,181,nail,201,134,217,150
115.jpg,278,181,nail,223,135,236,146
115.jpg,278,181,nail,243,134,253,145
115.jpg,278,181,nail,264,136,271,145
115.jpg,278,181,nail,64,135,81,150
115.jpg,278,181,nail,104,117,129,133
115.jpg,278,181,nail,44,136,57,147
115.jpg,278,181,nail,28,136,38,144
115.jpg,278,181,nail,9,136,17,146
117.jpg,275,183,nail,160,79,167,84
117.jpg,275,183,nail,176,112,181,118
117.jpg,275,183,nail,171,111,175,114
117.jpg,275,183,nail,166,113,169,116
117.jpg,275,183,nail,161,114,165,117
117.jpg,275,183,nail,166,94,169,97
117.jpg,275,183,nail,165,90,169,93
117.jpg,275,183,nail,166,84,170,88
118.jpg,235,214,nail,133,116,149,128
118.jpg,235,214,nail,156,129,166,137
118.jpg,235,214,nail,170,128,178,135
118.jpg,235,214,nail,198,110,206,117
118.jpg,235,214,nail,122,57,133,70
118.jpg,235,214,nail,136,47,144,60
118.jpg,235,214,nail,108,44,118,57
118.jpg,235,214,nail,94,17,102,28
118.jpg,235,214,nail,100,166,117,179
118.jpg,235,214,nail,77,176,86,183
119.jpg,194,259,nail,144,137,174,172
119.jpg,194,259,nail,121,120,141,135
119.jpg,194,259,nail,84,114,104,127
119.jpg,194,259,nail,50,119,64,129
119.jpg,194,259,nail,28,139,39,147
119.jpg,194,259,nail,42,53,64,78
119.jpg,194,259,nail,82,43,99,55
119.jpg,194,259,nail,107,50,123,64
119.jpg,194,259,nail,130,69,142,78
119.jpg,194,259,nail,153,93,159,101
120.jpg,194,259,nail,87,133,101,161
120.jpg,194,259,nail,118,119,132,148
120.jpg,194,259,nail,149,118,164,142
120.jpg,194,259,nail,145,91,155,114
120.jpg,194,259,nail,62,115,76,144
120.jpg,194,259,nail,121,188,136,217
120.jpg,194,259,nail,80,201,96,229
120.jpg,194,259,nail,53,183,68,210
120.jpg,194,259,nail,12,148,25,170
120.jpg,194,259,nail,27,32,38,61
123.jpg,225,225,nail,98,152,123,172
123.jpg,225,225,nail,42,181,69,203
123.jpg,225,225,nail,48,66,78,99
123.jpg,225,225,nail,134,38,158,72
124.jpg,233,216,nail,117,99,148,145
124.jpg,233,216,nail,114,32,137,70
124.jpg,233,216,nail,98,14,128,52
124.jpg,233,216,nail,81,12,111,47
124.jpg,233,216,nail,64,30,82,61
124.jpg,233,216,nail,21,35,64,50
124.jpg,233,216,nail,32,97,62,126
124.jpg,233,216,nail,28,118,65,142
124.jpg,233,216,nail,24,131,54,151
124.jpg,233,216,nail,20,145,38,155
125.jpg,276,183,nail,209,35,221,49
125.jpg,276,183,nail,227,45,233,50
125.jpg,276,183,nail,234,53,240,58
125.jpg,276,183,nail,240,65,244,68
125.jpg,276,183,nail,245,74,250,78
125.jpg,276,183,nail,193,13,205,25
125.jpg,276,183,nail,179,19,186,24
125.jpg,276,183,nail,170,25,176,30
125.jpg,276,183,nail,162,33,167,37
125.jpg,276,183,nail,152,42,160,47
127.jpg,261,193,nail,180,27,202,50
127.jpg,261,193,nail,213,38,226,48
127.jpg,261,193,nail,236,54,244,64
127.jpg,261,193,nail,248,64,257,72
127.jpg,261,193,nail,65,30,90,52
127.jpg,261,193,nail,42,40,54,50
127.jpg,261,193,nail,21,48,31,58
127.jpg,261,193,nail,3,57,11,66
128.jpg,212,237,nail,35,53,92,98
128.jpg,212,237,nail,105,71,129,93
128.jpg,212,237,nail,143,107,168,126
128.jpg,212,237,nail,172,138,192,156
129.jpg,311,162,nail,152,107,166,118
129.jpg,311,162,nail,171,101,178,107
129.jpg,311,162,nail,171,89,177,95
129.jpg,311,162,nail,169,80,175,85
129.jpg,311,162,nail,166,67,171,71
129.jpg,311,162,nail,111,122,126,135
129.jpg,311,162,nail,106,140,113,148
129.jpg,311,162,nail,94,143,101,150
129.jpg,311,162,nail,81,145,88,152
129.jpg,311,162,nail,66,144,70,149
130.jpg,275,183,nail,104,98,118,112
130.jpg,275,183,nail,121,123,128,131
130.jpg,275,183,nail,121,139,127,145
130.jpg,275,183,nail,118,152,123,158
130.jpg,275,183,nail,112,164,116,169
130.jpg,275,183,nail,165,110,175,121
130.jpg,275,183,nail,160,129,164,136
130.jpg,275,183,nail,161,141,165,149
130.jpg,275,183,nail,162,153,167,160
130.jpg,275,183,nail,172,170,176,178
130.jpg,275,183,nail,168,77,181,91
130.jpg,275,183,nail,179,63,187,71
130.jpg,275,183,nail,192,56,199,64
130.jpg,275,183,nail,203,53,208,59
130.jpg,275,183,nail,220,51,225,57
130.jpg,275,183,nail,140,44,154,55
130.jpg,275,183,nail,163,42,171,48
130.jpg,275,183,nail,176,38,182,44
130.jpg,275,183,nail,185,31,190,37
130.jpg,275,183,nail,193,20,198,27
130.jpg,275,183,nail,111,45,125,57
130.jpg,275,183,nail,92,46,100,52
130.jpg,275,183,nail,83,38,90,44
130.jpg,275,183,nail,75,32,82,38
130.jpg,275,183,nail,67,22,72,26
130.jpg,275,183,nail,96,80,109,95
130.jpg,275,183,nail,89,67,96,76
130.jpg,275,183,nail,69,62,79,69
130.jpg,275,183,nail,57,64,68,68
130.jpg,275,183,nail,42,67,51,71
131.jpg,275,183,nail,62,72,82,91
131.jpg,275,183,nail,107,73,131,96
131.jpg,275,183,nail,139,74,163,97
131.jpg,275,183,nail,143,48,165,73
131.jpg,275,183,nail,155,33,173,55
131.jpg,275,183,nail,180,45,198,62
131.jpg,275,183,nail,189,33,205,52
131.jpg,275,183,nail,203,21,212,36
131.jpg,275,183,nail,116,150,128,157
131.jpg,275,183,nail,150,147,160,155
131.jpg,275,183,nail,170,138,185,148
131.jpg,275,183,nail,188,134,203,145
131.jpg,275,183,nail,201,126,228,137
131.jpg,275,183,nail,228,107,257,122
131.jpg,275,183,nail,255,103,266,111
131.jpg,275,183,nail,259,88,271,96
131.jpg,275,183,nail,264,81,273,88
133.jpg,183,275,nail,111,88,123,102
133.jpg,183,275,nail,106,82,112,88
133.jpg,183,275,nail,98,76,105,82
133.jpg,183,275,nail,87,74,91,78
133.jpg,183,275,nail,140,16,151,26
133.jpg,183,275,nail,156,21,163,28
133.jpg,183,275,nail,164,30,171,37
133.jpg,183,275,nail,169,41,174,46
133.jpg,183,275,nail,164,56,168,60
134.jpg,275,180,nail,170,129,206,160
134.jpg,275,180,nail,149,116,164,132
134.jpg,275,180,nail,139,97,153,111
134.jpg,275,180,nail,134,79,145,90
134.jpg,275,180,nail,133,43,144,55
135.jpg,297,170,nail,84,109,121,127
135.jpg,297,170,nail,138,123,159,135
135.jpg,297,170,nail,165,115,182,126
135.jpg,297,170,nail,194,104,210,118
135.jpg,297,170,nail,221,86,231,100
136.jpg,225,225,nail,131,65,158,90
136.jpg,225,225,nail,165,70,180,81
136.jpg,225,225,nail,182,88,195,97
136.jpg,225,225,nail,198,97,212,110
136.jpg,225,225,nail,215,113,225,126
136.jpg,225,225,nail,82,47,111,74
136.jpg,225,225,nail,60,48,76,58
136.jpg,225,225,nail,44,58,55,70
136.jpg,225,225,nail,29,77,39,89
136.jpg,225,225,nail,15,91,25,105
137.jpg,225,225,nail,102,82,111,103
137.jpg,225,225,nail,117,47,129,70
137.jpg,225,225,nail,130,35,144,57
137.jpg,225,225,nail,148,41,160,63
137.jpg,225,225,nail,190,96,198,122
137.jpg,225,225,nail,79,132,100,142
137.jpg,225,225,nail,30,116,53,129
137.jpg,225,225,nail,17,102,43,115
137.jpg,225,225,nail,22,83,46,100
137.jpg,225,225,nail,47,62,66,73
138.jpg,272,185,nail,153,53,177,78
138.jpg,272,185,nail,183,28,198,41
138.jpg,272,185,nail,207,32,220,47
138.jpg,272,185,nail,223,45,230,53
138.jpg,272,185,nail,66,68,97,91
138.jpg,272,185,nail,34,81,50,93
138.jpg,272,185,nail,23,96,37,113
138.jpg,272,185,nail,20,118,33,132
138.jpg,272,185,nail,24,142,35,154
138.jpg,272,185,nail,240,58,247,67
139.jpg,262,192,nail,155,42,179,60
139.jpg,262,192,nail,135,45,148,54
139.jpg,262,192,nail,119,62,132,71
139.jpg,262,192,nail,102,74,112,81
139.jpg,262,192,nail,84,93,95,103
140.jpg,225,225,nail,111,41,196,106
140.jpg,225,225,nail,35,31,72,60
140.jpg,225,225,nail,1,56,7,89
141.jpg,259,194,nail,135,63,157,84
141.jpg,259,194,nail,178,72,190,82
141.jpg,259,194,nail,197,92,209,100
141.jpg,259,194,nail,210,115,221,124
141.jpg,259,194,nail,84,76,112,93
141.jpg,259,194,nail,48,92,64,99
141.jpg,259,194,nail,32,105,44,112
141.jpg,259,194,nail,16,131,26,137
144.jpg,225,225,nail,92,173,110,187
144.jpg,225,225,nail,107,196,115,205
144.jpg,225,225,nail,123,199,132,207
144.jpg,225,225,nail,140,200,147,208
144.jpg,225,225,nail,161,196,168,203
144.jpg,225,225,nail,32,195,50,212
144.jpg,225,225,nail,14,190,24,199
144.jpg,225,225,nail,12,173,20,182
144.jpg,225,225,nail,11,159,18,167
144.jpg,225,225,nail,12,140,19,147
144.jpg,225,225,nail,198,133,208,142
144.jpg,225,225,nail,168,122,181,131
144.jpg,225,225,nail,152,109,166,118
144.jpg,225,225,nail,160,90,175,101
145.jpg,325,155,nail,192,133,209,150
145.jpg,325,155,nail,214,138,225,146
145.jpg,325,155,nail,227,130,235,136
145.jpg,325,155,nail,240,118,247,124
145.jpg,325,155,nail,253,105,259,111
145.jpg,325,155,nail,152,131,169,147
145.jpg,325,155,nail,134,137,144,145
145.jpg,325,155,nail,121,128,131,135
145.jpg,325,155,nail,106,114,118,124
145.jpg,325,155,nail,99,104,107,108
145.jpg,325,155,nail,206,58,217,71
145.jpg,325,155,nail,223,62,233,77
145.jpg,325,155,nail,227,47,239,60
145.jpg,325,155,nail,182,47,194,58
145.jpg,325,155,nail,167,33,178,43
145.jpg,325,155,nail,139,42,152,55
145.jpg,325,155,nail,124,42,137,56
145.jpg,325,155,nail,119,28,130,39
146.jpg,259,194,nail,79,115,106,138
146.jpg,259,194,nail,127,134,146,151
146.jpg,259,194,nail,159,123,177,140
146.jpg,259,194,nail,189,113,208,128
146.jpg,259,194,nail,217,86,230,99
147.jpg,264,191,nail,80,39,116,73
147.jpg,264,191,nail,134,39,150,58
147.jpg,264,191,nail,161,54,178,73
147.jpg,264,191,nail,178,65,192,81
147.jpg,264,191,nail,199,96,212,113
148.jpg,236,214,nail,32,152,83,193
148.jpg,236,214,nail,125,174,170,214
150.jpg,225,225,nail,59,117,81,142
150.jpg,225,225,nail,64,93,86,119
150.jpg,225,225,nail,97,89,120,113
150.jpg,225,225,nail,147,71,168,96
150.jpg,225,225,nail,158,86,181,109
150.jpg,225,225,nail,35,79,58,103
150.jpg,225,225,nail,193,61,214,82
150.jpg,225,225,nail,58,153,73,166
152.jpg,225,225,nail,120,56,126,67
152.jpg,225,225,nail,126,40,133,51
152.jpg,225,225,nail,135,34,140,44
152.jpg,225,225,nail,134,66,144,71
152.jpg,225,225,nail,72,110,81,119
152.jpg,225,225,nail,63,135,74,145
152.jpg,225,225,nail,63,148,73,158
152.jpg,225,225,nail,33,136,43,146
152.jpg,225,225,nail,48,109,54,117
152.jpg,225,225,nail,35,192,44,198
152.jpg,225,225,nail,47,191,56,199
152.jpg,225,225,nail,11,198,19,207
152.jpg,225,225,nail,3,198,11,205
152.jpg,225,225,nail,130,174,137,180
152.jpg,225,225,nail,151,201,159,207
153.jpg,300,168,nail,183,80,195,90
153.jpg,300,168,nail,133,126,141,135
153.jpg,300,168,nail,124,132,132,138
153.jpg,300,168,nail,116,133,122,139
153.jpg,300,168,nail,109,135,114,140
153.jpg,300,168,nail,100,131,104,136
153.jpg,300,168,nail,147,45,157,52
153.jpg,300,168,nail,197,77,202,84
154.jpg,300,168,nail,207,145,220,157
154.jpg,300,168,nail,231,147,246,159
154.jpg,300,168,nail,248,149,257,155
154.jpg,300,168,nail,259,145,266,151
154.jpg,300,168,nail,270,135,276,141
154.jpg,300,168,nail,277,125,283,130
154.jpg,300,168,nail,197,150,204,155
154.jpg,300,168,nail,187,145,194,151
154.jpg,300,168,nail,179,136,185,141
154.jpg,300,168,nail,169,125,174,129
154.jpg,300,168,nail,84,109,101,126
154.jpg,300,168,nail,81,71,100,88
154.jpg,300,168,nail,89,51,108,69
154.jpg,300,168,nail,66,107,84,124
154.jpg,300,168,nail,73,138,87,149
154.jpg,300,168,nail,87,140,97,151
154.jpg,300,168,nail,64,78,83,96
154.jpg,300,168,nail,56,53,75,70
154.jpg,300,168,nail,13,48,26,65
155.jpg,333,151,nail,171,119,185,132
155.jpg,333,151,nail,198,105,211,116
155.jpg,333,151,nail,214,99,220,106
155.jpg,333,151,nail,219,95,226,101
155.jpg,333,151,nail,220,84,225,90
155.jpg,333,151,nail,159,85,168,95
155.jpg,333,151,nail,183,76,190,85
155.jpg,333,151,nail,136,84,146,92
155.jpg,333,151,nail,122,66,135,72
155.jpg,333,151,nail,139,48,148,56
155.jpg,333,151,nail,104,36,114,41
155.jpg,333,151,nail,160,135,168,142
155.jpg,333,151,nail,152,138,158,145
155.jpg,333,151,nail,140,136,147,142
155.jpg,333,151,nail,127,132,133,138
156.jpg,162,312,nail,102,50,115,66
156.jpg,162,312,nail,120,53,131,63
156.jpg,162,312,nail,134,55,143,65
156.jpg,162,312,nail,146,70,156,80
156.jpg,162,312,nail,64,53,82,66
156.jpg,162,312,nail,49,55,59,78
156.jpg,162,312,nail,77,68,89,93
156.jpg,162,312,nail,34,70,42,90
157.jpg,225,225,nail,139,14,191,64
157.jpg,225,225,nail,106,40,137,58
157.jpg,225,225,nail,78,72,105,88
157.jpg,225,225,nail,48,96,71,112
157.jpg,225,225,nail,13,95,36,111
158.jpg,225,225,nail,155,90,186,123
158.jpg,225,225,nail,118,86,138,102
158.jpg,225,225,nail,93,91,108,105
158.jpg,225,225,nail,73,94,87,106
158.jpg,225,225,nail,40,108,51,120
158.jpg,225,225,nail,174,154,185,168
158.jpg,225,225,nail,141,142,155,154
158.jpg,225,225,nail,115,130,133,146
158.jpg,225,225,nail,85,128,104,145
158.jpg,225,225,nail,45,127,78,162
159.jpg,224,224,nail,163,162,207,213
159.jpg,224,224,nail,101,198,133,220
159.jpg,224,224,nail,58,188,86,208
159.jpg,224,224,nail,24,172,52,190
159.jpg,224,224,nail,1,142,18,157
159.jpg,224,224,nail,29,31,85,95
159.jpg,224,224,nail,72,98,101,123
159.jpg,224,224,nail,110,111,142,133
159.jpg,224,224,nail,153,112,177,134
159.jpg,224,224,nail,206,110,218,127
160.jpg,203,249,nail,69,51,174,197
162.jpg,275,183,nail,87,132,111,156
162.jpg,275,183,nail,63,161,78,170
162.jpg,275,183,nail,38,158,51,167
162.jpg,275,183,nail,24,148,34,158
162.jpg,275,183,nail,67,47,80,56
162.jpg,275,183,nail,87,51,92,57
162.jpg,275,183,nail,97,45,101,51
162.jpg,275,183,nail,105,38,110,43
162.jpg,275,183,nail,250,95,274,118
162.jpg,275,183,nail,36,47,48,57
162.jpg,275,183,nail,25,54,31,60
162.jpg,275,183,nail,3,132,14,142
163.jpg,183,276,nail,50,163,57,175
163.jpg,183,276,nail,57,171,65,181
163.jpg,183,276,nail,68,161,75,172
163.jpg,183,276,nail,39,148,47,158
163.jpg,183,276,nail,96,183,101,192
163.jpg,183,276,nail,101,192,108,201
163.jpg,183,276,nail,110,189,115,199
163.jpg,183,276,nail,80,225,85,231
163.jpg,183,276,nail,91,224,96,231
163.jpg,183,276,nail,101,223,107,231
163.jpg,183,276,nail,126,208,135,217
163.jpg,183,276,nail,134,202,147,211
163.jpg,183,276,nail,117,221,124,226
165.jpg,183,275,nail,45,34,59,49
165.jpg,183,275,nail,79,37,90,55
165.jpg,183,275,nail,92,31,99,38
165.jpg,183,275,nail,104,28,110,36
165.jpg,183,275,nail,100,100,117,111
165.jpg,183,275,nail,98,133,110,145
165.jpg,183,275,nail,98,145,113,157
165.jpg,183,275,nail,122,162,135,173
165.jpg,183,275,nail,22,40,29,45
165.jpg,183,275,nail,12,41,20,47
165.jpg,183,275,nail,4,54,9,58
165.jpg,183,275,nail,142,85,155,92
166.jpg,299,168,nail,124,114,140,130
166.jpg,299,168,nail,176,131,193,149
166.jpg,299,168,nail,198,128,209,138
166.jpg,299,168,nail,203,115,212,124
166.jpg,299,168,nail,208,102,216,111
166.jpg,299,168,nail,211,79,218,86
166.jpg,299,168,nail,175,47,184,59
166.jpg,299,168,nail,165,64,175,77
166.jpg,299,168,nail,148,57,156,70
166.jpg,299,168,nail,116,133,125,143
166.jpg,299,168,nail,99,133,107,142
166.jpg,299,168,nail,82,133,91,142
166.jpg,299,168,nail,61,128,68,136
166.jpg,299,168,nail,83,58,95,72
166.jpg,299,168,nail,85,37,98,50
166.jpg,299,168,nail,66,60,79,74
166.jpg,299,168,nail,38,51,48,62
166.jpg,299,168,nail,106,1,122,9
167.jpg,370,136,nail,168,59,186,77
167.jpg,370,136,nail,149,78,166,98
167.jpg,370,136,nail,147,97,164,113
167.jpg,370,136,nail,205,40,223,56
167.jpg,370,136,nail,216,48,230,65
167.jpg,370,136,nail,216,67,226,80
168.jpg,267,188,nail,114,95,132,118
168.jpg,267,188,nail,139,62,156,88
168.jpg,267,188,nail,164,51,181,77
168.jpg,267,188,nail,97,138,113,154
168.jpg,267,188,nail,96,101,112,122
168.jpg,267,188,nail,80,79,100,101
168.jpg,267,188,nail,56,58,77,82
168.jpg,267,188,nail,46,47,68,67
169.jpg,283,178,nail,95,56,110,73
169.jpg,283,178,nail,94,82,102,89
169.jpg,283,178,nail,82,84,88,92
169.jpg,283,178,nail,67,81,74,89
169.jpg,283,178,nail,50,79,58,84
169.jpg,283,178,nail,171,120,188,131
172.jpg,275,183,nail,191,96,210,105
172.jpg,275,183,nail,136,149,151,159
172.jpg,275,183,nail,147,145,155,151
173.jpg,195,259,nail,97,24,115,37
173.jpg,195,259,nail,120,40,130,54
173.jpg,195,259,nail,132,57,139,66
173.jpg,195,259,nail,144,67,150,75
174.jpg,284,177,nail,42,53,65,65
174.jpg,284,177,nail,81,101,97,112
174.jpg,284,177,nail,68,110,84,123
175.jpg,275,183,nail,121,112,133,127
175.jpg,275,183,nail,143,110,157,122
175.jpg,275,183,nail,161,113,168,120
175.jpg,275,183,nail,175,105,181,112
175.jpg,275,183,nail,184,99,191,105
175.jpg,275,183,nail,108,116,118,124
175.jpg,275,183,nail,96,108,105,115
175.jpg,275,183,nail,90,101,96,108
175.jpg,275,183,nail,85,90,90,97
176.jpg,163,309,nail,64,122,109,179
176.jpg,163,309,nail,34,23,65,66
176.jpg,163,309,nail,98,40,118,61
176.jpg,163,309,nail,132,73,149,95
176.jpg,163,309,nail,4,130,32,151
176.jpg,163,309,nail,152,112,163,127
179.jpg,200,200,nail,77,92,97,113
179.jpg,200,200,nail,149,72,163,86
179.jpg,200,200,nail,119,61,143,86
179.jpg,200,200,nail,162,82,175,95
179.jpg,200,200,nail,174,96,183,105
179.jpg,200,200,nail,190,117,199,125
179.jpg,200,200,nail,59,91,73,103
179.jpg,200,200,nail,41,96,55,109
179.jpg,200,200,nail,32,99,38,110
179.jpg,200,200,nail,4,112,15,122
180.jpg,224,224,nail,136,31,158,57
180.jpg,224,224,nail,161,42,174,56
180.jpg,224,224,nail,174,51,186,64
180.jpg,224,224,nail,185,63,194,73
180.jpg,224,224,nail,198,84,208,94
180.jpg,224,224,nail,108,72,131,93
180.jpg,224,224,nail,92,66,107,80
180.jpg,224,224,nail,78,70,89,83
180.jpg,224,224,nail,66,72,75,84
180.jpg,224,224,nail,44,81,53,91
183.jpg,194,259,nail,68,175,92,194
183.jpg,194,259,nail,109,171,132,193
183.jpg,194,259,nail,140,177,153,187
183.jpg,194,259,nail,160,170,170,179
183.jpg,194,259,nail,175,158,182,165
183.jpg,194,259,nail,53,178,64,187
183.jpg,194,259,nail,34,173,46,180
183.jpg,194,259,nail,19,160,29,167
183.jpg,194,259,nail,7,143,16,151
183.jpg,194,259,nail,69,102,84,121
183.jpg,194,259,nail,81,88,99,110
183.jpg,194,259,nail,100,84,120,108
183.jpg,194,259,nail,129,66,147,87
183.jpg,194,259,nail,72,61,88,85
183.jpg,194,259,nail,184,143,190,149
184.jpg,225,225,nail,59,103,116,161
184.jpg,225,225,nail,69,180,120,225
184.jpg,225,225,nail,1,103,41,161
185.jpg,300,168,nail,84,129,111,156
185.jpg,300,168,nail,256,126,281,151
185.jpg,300,168,nail,227,130,241,142
185.jpg,300,168,nail,210,123,222,131
185.jpg,300,168,nail,192,109,206,117
185.jpg,300,168,nail,52,131,67,144
185.jpg,300,168,nail,36,119,50,131
185.jpg,300,168,nail,26,100,37,112
185.jpg,300,168,nail,17,79,27,88
186.jpg,259,194,nail,142,167,164,187
186.jpg,259,194,nail,176,168,189,180
186.jpg,259,194,nail,191,163,200,171
186.jpg,259,194,nail,207,154,216,165
186.jpg,259,194,nail,217,137,224,146
186.jpg,259,194,nail,99,166,119,183
186.jpg,259,194,nail,74,177,89,189
186.jpg,259,194,nail,64,173,72,182
186.jpg,259,194,nail,50,164,60,173
186.jpg,259,194,nail,33,147,39,155
186.jpg,259,194,nail,76,81,89,104
186.jpg,259,194,nail,113,95,126,116
186.jpg,259,194,nail,144,79,155,101
186.jpg,259,194,nail,128,62,141,87
186.jpg,259,194,nail,158,53,171,75
186.jpg,259,194,nail,175,48,188,66
186.jpg,259,194,nail,102,48,113,71
186.jpg,259,194,nail,72,10,82,30
186.jpg,259,194,nail,52,14,62,34
186.jpg,259,194,nail,178,1,188,12
187.jpg,225,225,nail,132,47,169,83
187.jpg,225,225,nail,186,53,207,71
187.jpg,225,225,nail,215,65,225,80
187.jpg,225,225,nail,13,53,58,88
188.jpg,275,183,nail,169,145,184,155
188.jpg,275,183,nail,193,149,206,156
188.jpg,275,183,nail,211,152,219,157
188.jpg,275,183,nail,156,156,163,161
188.jpg,275,183,nail,145,152,153,157
188.jpg,275,183,nail,135,148,143,152
188.jpg,275,183,nail,125,138,132,144
188.jpg,275,183,nail,220,152,226,157
188.jpg,275,183,nail,231,146,237,152
188.jpg,275,183,nail,241,137,246,142
188.jpg,275,183,nail,219,76,226,86
188.jpg,275,183,nail,198,76,209,87
188.jpg,275,183,nail,191,71,202,84
188.jpg,275,183,nail,185,63,196,77
188.jpg,275,183,nail,189,42,197,52
188.jpg,275,183,nail,144,77,155,86
188.jpg,275,183,nail,158,76,171,86
188.jpg,275,183,nail,165,69,178,81
188.jpg,275,183,nail,171,60,187,73
188.jpg,275,183,nail,172,38,180,50
189.jpg,300,168,nail,174,57,193,75
189.jpg,300,168,nail,199,69,207,79
189.jpg,300,168,nail,209,86,218,96
189.jpg,300,168,nail,216,102,224,111
189.jpg,300,168,nail,220,127,229,133
189.jpg,300,168,nail,139,45,156,63
189.jpg,300,168,nail,122,46,131,56
189.jpg,300,168,nail,107,54,115,63
189.jpg,300,168,nail,92,62,99,70
189.jpg,300,168,nail,74,79,82,86
190.jpg,225,225,nail,138,84,180,124
190.jpg,225,225,nail,199,86,222,108
190.jpg,225,225,nail,80,103,120,139
190.jpg,225,225,nail,47,123,70,143
190.jpg,225,225,nail,4,121,29,141
193.jpg,275,183,nail,73,21,125,74
193.jpg,275,183,nail,101,78,126,104
193.jpg,275,183,nail,137,97,160,117
193.jpg,275,183,nail,175,113,194,133
193.jpg,275,183,nail,231,127,244,143
193.jpg,275,183,nail,106,127,155,176
193.jpg,275,183,nail,65,146,89,169
193.jpg,275,183,nail,39,126,56,145
193.jpg,275,183,nail,23,93,40,110
193.jpg,275,183,nail,2,55,12,73
195.jpg,318,158,nail,252,15,292,57
195.jpg,318,158,nail,217,15,238,40
195.jpg,318,158,nail,184,43,203,62
195.jpg,318,158,nail,86,1,129,54
195.jpg,318,158,nail,51,8,72,40
195.jpg,318,158,nail,14,33,35,63
197.jpg,225,225,nail,150,162,175,183
197.jpg,225,225,nail,110,166,125,181
197.jpg,225,225,nail,90,146,111,159
197.jpg,225,225,nail,74,141,96,158
197.jpg,225,225,nail,80,82,94,102
197.jpg,225,225,nail,96,76,108,92
197.jpg,225,225,nail,104,51,117,71
197.jpg,225,225,nail,78,115,89,132
198.jpg,194,259,nail,72,119,93,137
198.jpg,194,259,nail,105,122,117,128
198.jpg,194,259,nail,122,133,131,139
198.jpg,194,259,nail,134,144,141,151
198.jpg,194,259,nail,147,155,153,160
198.jpg,194,259,nail,92,95,111,113
198.jpg,194,259,nail,73,87,84,97
198.jpg,194,259,nail,54,90,65,97
198.jpg,194,259,nail,41,93,50,99
198.jpg,194,259,nail,23,102,31,108
198.jpg,194,259,nail,100,78,119,85
199.jpg,225,225,nail,113,109,155,156
199.jpg,225,225,nail,144,159,169,179
199.jpg,225,225,nail,184,178,206,200
199.jpg,225,225,nail,68,83,111,120
199.jpg,225,225,nail,29,84,48,105
199.jpg,225,225,nail,1,57,16,78
199.jpg,225,225,nail,1,28,6,51
200.jpg,276,183,nail,144,158,156,171
200.jpg,276,183,nail,173,159,186,172
200.jpg,276,183,nail,200,150,213,162
200.jpg,276,183,nail,219,135,234,151
200.jpg,276,183,nail,242,98,270,121
200.jpg,276,183,nail,80,153,91,164
200.jpg,276,183,nail,61,155,72,166
200.jpg,276,183,nail,39,161,53,174
200.jpg,276,183,nail,8,138,31,157
200.jpg,276,183,nail,74,28,100,43
200.jpg,276,183,nail,53,79,72,85
200.jpg,276,183,nail,199,40,212,57
200.jpg,276,183,nail,87,1,106,8
200.jpg,276,183,nail,103,144,113,152
201.jpg,275,183,nail,21,95,33,107
201.jpg,275,183,nail,44,87,57,98
201.jpg,275,183,nail,68,79,80,92
201.jpg,275,183,nail,72,53,91,68
201.jpg,275,183,nail,88,32,109,48
201.jpg,275,183,nail,120,33,128,40
201.jpg,275,183,nail,122,22,128,27
201.jpg,275,183,nail,123,15,128,20
201.jpg,275,183,nail,116,1,123,6
202.jpg,225,225,nail,82,97,97,111
202.jpg,225,225,nail,95,115,105,122
202.jpg,225,225,nail,110,118,118,126
202.jpg,225,225,nail,123,121,131,128
202.jpg,225,225,nail,148,74,160,88
202.jpg,225,225,nail,125,78,141,93
202.jpg,225,225,nail,111,74,130,90
202.jpg,225,225,nail,106,57,121,74
202.jpg,225,225,nail,92,49,108,66
202.jpg,225,225,nail,77,49,90,63
202.jpg,225,225,nail,70,40,82,55
202.jpg,225,225,nail,70,16,81,28
202.jpg,225,225,nail,37,100,55,108
202.jpg,225,225,nail,25,94,33,99
204.jpg,243,207,nail,135,172,151,183
204.jpg,243,207,nail,160,175,172,185
204.jpg,243,207,nail,176,173,187,181
204.jpg,243,207,nail,188,168,198,176
204.jpg,243,207,nail,196,157,203,165
204.jpg,243,207,nail,93,172,109,182
204.jpg,243,207,nail,71,175,82,182
204.jpg,243,207,nail,59,170,70,178
204.jpg,243,207,nail,48,166,58,174
204.jpg,243,207,nail,40,155,47,161
204.jpg,243,207,nail,179,48,191,68
204.jpg,243,207,nail,46,57,56,76
205.jpg,225,225,nail,150,43,202,87
205.jpg,225,225,nail,85,37,115,57
205.jpg,225,225,nail,49,73,72,91
205.jpg,225,225,nail,1,104,21,124
206.jpg,251,201,nail,95,107,161,168
207.jpg,225,225,nail,124,102,155,136
207.jpg,225,225,nail,158,108,190,143
207.jpg,225,225,nail,186,120,221,161
207.jpg,225,225,nail,87,106,123,142
207.jpg,225,225,nail,47,110,90,152
207.jpg,225,225,nail,10,128,57,174
207.jpg,225,225,nail,68,39,125,95
207.jpg,225,225,nail,125,40,176,97
207.jpg,225,225,nail,170,55,220,110
207.jpg,225,225,nail,3,49,75,116
208.jpg,265,190,nail,164,61,177,78
208.jpg,265,190,nail,177,48,187,57
208.jpg,265,190,nail,191,48,199,55
208.jpg,265,190,nail,202,54,209,60
208.jpg,265,190,nail,106,86,124,100
208.jpg,265,190,nail,89,89,100,98
208.jpg,265,190,nail,78,104,87,114
208.jpg,265,190,nail,68,121,78,130
208.jpg,265,190,nail,65,145,73,153
209.jpg,240,160,nail,63,41,125,85
209.jpg,240,160,nail,13,111,80,158
209.jpg,240,160,nail,82,145,144,160
210.jpg,313,161,nail,146,38,159,49
210.jpg,313,161,nail,164,42,172,49
210.jpg,313,161,nail,100,43,114,55
210.jpg,313,161,nail,89,48,97,56
210.jpg,313,161,nail,81,55,88,60
211.jpg,183,275,nail,127,245,134,251
211.jpg,183,275,nail,121,253,125,257
211.jpg,183,275,nail,114,256,119,260
211.jpg,183,275,nail,106,255,110,258
211.jpg,183,275,nail,100,252,104,256
213.jpg,300,168,nail,127,116,137,125
213.jpg,300,168,nail,187,21,201,34
213.jpg,300,168,nail,233,30,246,44
213.jpg,300,168,nail,248,25,256,32
213.jpg,300,168,nail,257,21,266,28
213.jpg,300,168,nail,270,22,275,27
213.jpg,300,168,nail,157,96,165,104
213.jpg,300,168,nail,189,109,197,118
213.jpg,300,168,nail,194,105,199,110
213.jpg,300,168,nail,127,130,132,134
213.jpg,300,168,nail,124,138,128,143
213.jpg,300,168,nail,117,143,121,147
213.jpg,300,168,nail,179,26,185,32
213.jpg,300,168,nail,174,32,179,39
213.jpg,300,168,nail,169,44,174,48
214.jpg,282,178,nail,163,54,189,79
214.jpg,282,178,nail,184,56,207,83
214.jpg,282,178,nail,196,105,221,136
214.jpg,282,178,nail,136,49,162,72
214.jpg,282,178,nail,121,64,145,89
214.jpg,282,178,nail,99,72,124,97
214.jpg,282,178,nail,88,95,111,117
214.jpg,282,178,nail,90,129,106,143
214.jpg,282,178,nail,60,84,81,113
215.jpg,275,183,nail,146,78,151,85
215.jpg,275,183,nail,153,72,159,76
215.jpg,275,183,nail,154,63,161,68
215.jpg,275,183,nail,150,55,159,61
215.jpg,275,183,nail,162,32,169,40
215.jpg,275,183,nail,129,86,132,91
216.jpg,275,183,nail,143,68,156,81
216.jpg,275,183,nail,137,85,144,92
216.jpg,275,183,nail,120,87,127,95
216.jpg,275,183,nail,105,89,111,96
216.jpg,275,183,nail,88,87,95,93
216.jpg,275,183,nail,180,40,195,48
216.jpg,275,183,nail,197,32,204,39
216.jpg,275,183,nail,196,25,200,30
217.jpg,318,159,nail,169,112,195,132
217.jpg,318,159,nail,196,107,209,116
217.jpg,318,159,nail,204,93,214,101
217.jpg,318,159,nail,208,78,219,88
217.jpg,318,159,nail,108,104,132,126
217.jpg,318,159,nail,84,122,96,134
217.jpg,318,159,nail,61,127,73,137
217.jpg,318,159,nail,41,125,54,136
217.jpg,318,159,nail,27,119,34,128
218.jpg,202,200,nail,184,107,200,122
218.jpg,202,200,nail,168,116,178,123
218.jpg,202,200,nail,154,116,162,124
218.jpg,202,200,nail,139,113,149,121
218.jpg,202,200,nail,118,105,127,112
218.jpg,202,200,nail,124,94,131,102
218.jpg,202,200,nail,99,66,110,75
218.jpg,202,200,nail,81,52,96,62
218.jpg,202,200,nail,66,26,82,35
218.jpg,202,200,nail,79,155,86,167
218.jpg,202,200,nail,57,165,66,175
218.jpg,202,200,nail,45,159,55,170
218.jpg,202,200,nail,31,157,42,168
218.jpg,202,200,nail,16,132,32,146
219.jpg,221,228,nail,172,100,192,122
219.jpg,221,228,nail,151,105,164,120
219.jpg,221,228,nail,136,110,148,120
219.jpg,221,228,nail,122,119,132,128
219.jpg,221,228,nail,103,131,113,142
221.jpg,259,194,nail,92,162,104,175
221.jpg,259,194,nail,104,179,115,187
221.jpg,259,194,nail,119,182,129,189
221.jpg,259,194,nail,133,181,142,188
221.jpg,259,194,nail,153,173,161,180
221.jpg,259,194,nail,29,160,44,173
221.jpg,259,194,nail,21,158,28,165
221.jpg,259,194,nail,64,119,70,128
221.jpg,259,194,nail,99,74,106,83
221.jpg,259,194,nail,168,110,173,117
221.jpg,259,194,nail,173,116,179,124
221.jpg,259,194,nail,49,121,57,131
221.jpg,259,194,nail,47,113,51,121
221.jpg,259,194,nail,20,149,25,156
221.jpg,259,194,nail,22,139,25,146
223.jpg,259,194,nail,135,89,144,104
223.jpg,259,194,nail,152,98,165,117
223.jpg,259,194,nail,169,100,186,122
223.jpg,259,194,nail,188,103,206,124
223.jpg,259,194,nail,104,104,117,121
223.jpg,259,194,nail,91,109,110,128
223.jpg,259,194,nail,75,112,94,134
223.jpg,259,194,nail,58,126,76,150
223.jpg,259,194,nail,14,160,49,186
223.jpg,259,194,nail,220,133,236,157
224.jpg,200,252,nail,89,48,138,98
224.jpg,200,252,nail,142,65,164,90
224.jpg,200,252,nail,162,85,177,108
224.jpg,200,252,nail,175,115,189,136
224.jpg,200,252,nail,182,160,190,172
224.jpg,200,252,nail,75,22,98,57
224.jpg,200,252,nail,56,16,70,32
224.jpg,200,252,nail,38,25,48,39
224.jpg,200,252,nail,22,35,32,48
224.jpg,200,252,nail,1,55,11,67
225.jpg,290,174,nail,175,52,193,70
225.jpg,290,174,nail,224,55,236,69
225.jpg,290,174,nail,141,47,161,65
225.jpg,290,174,nail,135,75,152,96
225.jpg,290,174,nail,114,96,131,116
225.jpg,290,174,nail,87,91,106,113
225.jpg,290,174,nail,54,75,69,90
225.jpg,290,174,nail,46,118,56,127
225.jpg,290,174,nail,62,136,74,145
225.jpg,290,174,nail,79,143,90,153
225.jpg,290,174,nail,96,154,110,163
225.jpg,290,174,nail,118,141,143,158
225.jpg,290,174,nail,162,144,186,160
225.jpg,290,174,nail,197,152,209,161
225.jpg,290,174,nail,211,142,222,152
225.jpg,290,174,nail,228,132,240,141
225.jpg,290,174,nail,245,113,255,122
226.jpg,183,275,nail,85,168,91,177
226.jpg,183,275,nail,92,172,97,180
226.jpg,183,275,nail,96,164,101,171
226.jpg,183,275,nail,76,158,80,164
226.jpg,183,275,nail,27,216,34,222
226.jpg,183,275,nail,102,194,107,199
226.jpg,183,275,nail,146,104,149,110
227.jpg,201,251,nail,51,89,104,137
227.jpg,201,251,nail,122,127,142,151
227.jpg,201,251,nail,150,156,164,177
227.jpg,201,251,nail,107,32,137,73
227.jpg,201,251,nail,85,36,98,44
228.jpg,194,259,nail,144,67,159,86
228.jpg,194,259,nail,143,54,151,65
228.jpg,194,259,nail,131,47,140,55
228.jpg,194,259,nail,117,43,124,50
228.jpg,194,259,nail,99,43,106,50
228.jpg,194,259,nail,131,105,147,121
228.jpg,194,259,nail,148,123,155,134
228.jpg,194,259,nail,147,137,153,146
228.jpg,194,259,nail,139,151,144,159
228.jpg,194,259,nail,127,164,133,171
229.jpg,272,185,nail,188,21,241,65
230.jpg,288,175,nail,226,105,248,113
230.jpg,288,175,nail,196,116,211,121
230.jpg,288,175,nail,183,115,191,120
230.jpg,288,175,nail,171,113,179,118
230.jpg,288,175,nail,163,109,170,113
232.jpg,171,295,nail,20,42,36,56
232.jpg,171,295,nail,41,37,49,47
232.jpg,171,295,nail,52,39,60,47
232.jpg,171,295,nail,65,45,73,51
232.jpg,171,295,nail,76,56,79,61
232.jpg,171,295,nail,118,11,130,25
232.jpg,171,295,nail,107,9,114,20
232.jpg,171,295,nail,97,13,105,21
232.jpg,171,295,nail,86,17,92,26
232.jpg,171,295,nail,81,30,85,36
232.jpg,171,295,nail,87,131,97,146
232.jpg,171,295,nail,69,140,80,155
232.jpg,171,295,nail,65,189,78,208
232.jpg,171,295,nail,53,194,65,214
232.jpg,171,295,nail,43,149,49,166
232.jpg,171,295,nail,26,145,32,160
232.jpg,171,295,nail,23,158,29,175
233.jpg,228,221,nail,68,145,81,156
233.jpg,228,221,nail,90,148,95,154
233.jpg,228,221,nail,96,143,101,148
233.jpg,228,221,nail,103,136,107,141
233.jpg,228,221,nail,32,151,39,157
233.jpg,228,221,nail,25,145,30,151
233.jpg,228,221,nail,18,139,25,143
233.jpg,228,221,nail,12,125,16,129
233.jpg,228,221,nail,77,40,113,72
233.jpg,228,221,nail,118,42,152,69
233.jpg,228,221,nail,158,44,189,69
233.jpg,228,221,nail,197,46,223,69
236.jpg,275,183,nail,134,26,162,43
236.jpg,275,183,nail,90,29,120,49
236.jpg,275,183,nail,52,52,80,70
236.jpg,275,183,nail,22,98,40,112
237.jpg,225,225,nail,108,128,141,144
237.jpg,225,225,nail,127,106,164,121
237.jpg,225,225,nail,105,84,136,100
237.jpg,225,225,nail,176,46,199,67
237.jpg,225,225,nail,121,150,147,173
237.jpg,225,225,nail,60,176,85,187
238.jpg,216,233,nail,159,133,201,167
238.jpg,216,233,nail,114,162,138,177
238.jpg,216,233,nail,83,162,106,176
238.jpg,216,233,nail,52,154,77,166
238.jpg,216,233,nail,29,133,39,143
239.jpg,207,243,nail,98,34,112,50
239.jpg,207,243,nail,116,30,126,41
239.jpg,207,243,nail,132,40,139,48
239.jpg,207,243,nail,142,49,148,58
239.jpg,207,243,nail,153,60,159,68
239.jpg,207,243,nail,50,49,66,63
239.jpg,207,243,nail,39,53,49,60
239.jpg,207,243,nail,36,64,42,70
239.jpg,207,243,nail,32,74,38,80
239.jpg,207,243,nail,32,85,37,90
240.jpg,312,161,nail,171,66,221,97
240.jpg,312,161,nail,264,76,294,90
240.jpg,312,161,nail,84,65,130,95
240.jpg,312,161,nail,23,62,59,73
241.jpg,262,192,nail,83,42,106,61
241.jpg,262,192,nail,114,48,128,56
241.jpg,262,192,nail,131,60,141,67
241.jpg,262,192,nail,149,75,160,80
241.jpg,262,192,nail,169,92,178,98
242.jpg,263,192,nail,134,103,151,115
243.jpg,222,227,nail,114,28,154,64
243.jpg,222,227,nail,71,54,92,72
243.jpg,222,227,nail,40,78,63,99
243.jpg,222,227,nail,24,111,45,131
243.jpg,222,227,nail,25,163,40,178
245.jpg,266,190,nail,168,59,176,70
245.jpg,266,190,nail,179,57,184,63
245.jpg,266,190,nail,111,75,118,84
246.jpg,196,258,nail,34,133,51,143
246.jpg,196,258,nail,25,88,44,103
246.jpg,196,258,nail,32,65,49,80
246.jpg,196,258,nail,51,59,68,72
246.jpg,196,258,nail,121,56,136,69
247.jpg,275,183,nail,33,150,53,164
247.jpg,275,183,nail,135,74,152,93
247.jpg,275,183,nail,25,144,33,153
247.jpg,275,183,nail,16,132,26,141
247.jpg,275,183,nail,14,121,21,128
247.jpg,275,183,nail,21,99,27,106
247.jpg,275,183,nail,153,95,160,102
248.jpg,260,194,nail,112,86,142,120
248.jpg,260,194,nail,70,79,101,112
248.jpg,260,194,nail,18,48,42,76
248.jpg,260,194,nail,132,133,166,162
248.jpg,260,194,nail,204,128,240,160
248.jpg,260,194,nail,98,159,116,174
248.jpg,260,194,nail,67,144,84,158
248.jpg,260,194,nail,42,135,57,148
248.jpg,260,194,nail,7,109,22,123
248.jpg,260,194,nail,140,53,166,83
249.jpg,369,136,nail,211,68,226,78
249.jpg,369,136,nail,247,70,258,80
249.jpg,369,136,nail,196,53,209,60
249.jpg,369,136,nail,200,35,211,41
249.jpg,369,136,nail,164,25,171,39
249.jpg,369,136,nail,181,36,187,49
249.jpg,369,136,nail,162,4,166,13
249.jpg,369,136,nail,144,78,160,89
249.jpg,369,136,nail,168,90,182,102
249.jpg,369,136,nail,189,109,196,116
249.jpg,369,136,nail,202,113,208,119
249.jpg,369,136,nail,217,112,224,116
249.jpg,369,136,nail,241,104,246,108
249.jpg,369,136,nail,133,72,140,78
249.jpg,369,136,nail,126,64,131,71
249.jpg,369,136,nail,126,54,130,58
250.jpg,183,275,nail,80,62,88,70
250.jpg,183,275,nail,71,63,76,68
250.jpg,183,275,nail,99,56,105,63
250.jpg,183,275,nail,109,56,113,59
252.jpg,224,225,nail,96,112,106,121
252.jpg,224,225,nail,67,111,81,121
252.jpg,224,225,nail,53,105,65,116
252.jpg,224,225,nail,51,89,63,99
252.jpg,224,225,nail,114,127,125,140
252.jpg,224,225,nail,106,138,118,151
252.jpg,224,225,nail,96,139,108,152
252.jpg,224,225,nail,70,130,79,140
252.jpg,224,225,nail,167,188,182,198
252.jpg,224,225,nail,151,195,162,203
252.jpg,224,225,nail,137,196,148,204
252.jpg,224,225,nail,127,194,136,202
252.jpg,224,225,nail,115,190,122,196
252.jpg,224,225,nail,84,214,95,220
252.jpg,224,225,nail,69,216,78,223
252.jpg,224,225,nail,53,216,64,223
252.jpg,224,225,nail,40,213,51,220
252.jpg,224,225,nail,16,207,33,213
253.jpg,259,194,nail,152,61,168,81
253.jpg,259,194,nail,181,62,193,73
253.jpg,259,194,nail,200,71,212,80
253.jpg,259,194,nail,109,66,127,81
253.jpg,259,194,nail,214,85,223,96
253.jpg,259,194,nail,227,104,235,113
253.jpg,259,194,nail,80,67,93,76
253.jpg,259,194,nail,65,74,77,83
253.jpg,259,194,nail,53,89,63,97
253.jpg,259,194,nail,44,106,51,114
254.jpg,205,246,nail,162,146,175,157
254.jpg,205,246,nail,146,150,156,159
254.jpg,205,246,nail,136,148,144,156
254.jpg,205,246,nail,123,140,130,145
254.jpg,205,246,nail,95,117,107,128
254.jpg,205,246,nail,68,113,76,122
254.jpg,205,246,nail,99,56,107,72
254.jpg,205,246,nail,63,231,79,244
254.jpg,205,246,nail,84,233,94,242
254.jpg,205,246,nail,97,230,106,237
254.jpg,205,246,nail,110,219,118,225
254.jpg,205,246,nail,121,206,127,211
255.jpg,300,168,nail,167,126,180,137
255.jpg,300,168,nail,196,138,208,152
255.jpg,300,168,nail,214,154,222,162
255.jpg,300,168,nail,224,156,231,163
255.jpg,300,168,nail,238,154,244,160
255.jpg,300,168,nail,251,149,258,154
255.jpg,300,168,nail,211,102,222,112
255.jpg,300,168,nail,233,98,245,109
255.jpg,300,168,nail,244,79,258,85
255.jpg,300,168,nail,187,94,194,102
255.jpg,300,168,nail,264,46,276,51
255.jpg,300,168,nail,154,119,163,128
255.jpg,300,168,nail,149,114,156,122
255.jpg,300,168,nail,149,104,155,110
255.jpg,300,168,nail,242,14,247,21
256.jpg,183,275,nail,113,166,157,206
256.jpg,183,275,nail,44,165,76,184
256.jpg,183,275,nail,1,178,35,200
258.jpg,262,192,nail,122,138,138,149
258.jpg,262,192,nail,149,147,160,152
258.jpg,262,192,nail,170,146,179,151
258.jpg,262,192,nail,183,144,191,149
258.jpg,262,192,nail,89,140,108,152
258.jpg,262,192,nail,73,143,81,150
258.jpg,262,192,nail,63,137,68,142
258.jpg,262,192,nail,56,134,60,139
259.jpg,264,191,nail,178,19,186,32
259.jpg,264,191,nail,195,29,201,37
259.jpg,264,191,nail,195,41,199,48
259.jpg,264,191,nail,194,52,198,58
259.jpg,264,191,nail,195,62,199,67
264.jpg,259,194,nail,116,127,131,139
264.jpg,259,194,nail,169,128,186,140
264.jpg,259,194,nail,212,144,221,152
265.jpg,225,225,nail,11,55,51,96
265.jpg,225,225,nail,61,55,93,74
265.jpg,225,225,nail,108,80,126,97
265.jpg,225,225,nail,146,95,169,108
265.jpg,225,225,nail,188,94,206,107
268.jpg,225,225,nail,191,51,204,59
268.jpg,225,225,nail,162,46,172,55
268.jpg,225,225,nail,151,58,160,65
268.jpg,225,225,nail,146,23,156,35
268.jpg,225,225,nail,136,25,146,36
268.jpg,225,225,nail,121,21,129,31
268.jpg,225,225,nail,151,9,161,21
268.jpg,225,225,nail,163,9,172,22
268.jpg,225,225,nail,184,5,193,16
270.jpg,272,185,nail,134,18,162,41
270.jpg,272,185,nail,181,47,208,69
272.jpg,276,183,nail,144,77,151,82
272.jpg,276,183,nail,155,71,162,79
274.jpg,225,225,nail,103,80,137,110
274.jpg,225,225,nail,137,16,188,70
274.jpg,225,225,nail,53,95,82,122
274.jpg,225,225,nail,6,102,28,122
274.jpg,225,225,nail,117,171,172,212
274.jpg,225,225,nail,187,166,211,191
274.jpg,225,225,nail,203,130,220,152
274.jpg,225,225,nail,210,109,222,124
275.jpg,255,198,nail,142,134,165,159
275.jpg,255,198,nail,184,107,211,128
275.jpg,255,198,nail,217,106,229,121
275.jpg,255,198,nail,223,94,231,103
275.jpg,255,198,nail,122,164,137,181
275.jpg,255,198,nail,102,165,116,178
275.jpg,255,198,nail,80,162,96,177
275.jpg,255,198,nail,57,154,70,167
276.jpg,225,225,nail,115,91,129,118
276.jpg,225,225,nail,151,59,161,81
276.jpg,225,225,nail,88,73,110,104
276.jpg,225,225,nail,66,99,87,128
276.jpg,225,225,nail,58,71,78,102
276.jpg,225,225,nail,33,71,55,96
276.jpg,225,225,nail,31,47,50,72
276.jpg,225,225,nail,181,38,198,63
279.jpg,275,183,nail,167,65,175,73
279.jpg,275,183,nail,194,73,206,85
279.jpg,275,183,nail,168,78,178,86
279.jpg,275,183,nail,170,90,182,101
279.jpg,275,183,nail,175,105,186,115
279.jpg,275,183,nail,165,133,174,143
279.jpg,275,183,nail,153,136,165,147
279.jpg,275,183,nail,146,138,156,152
279.jpg,275,183,nail,132,143,144,154
279.jpg,275,183,nail,150,158,166,173
279.jpg,275,183,nail,103,87,117,97
279.jpg,275,183,nail,94,97,106,108
279.jpg,275,183,nail,107,79,120,87
279.jpg,275,183,nail,112,67,122,76
279.jpg,275,183,nail,88,68,101,80
279.jpg,275,183,nail,135,37,145,47
279.jpg,275,183,nail,152,32,162,41
279.jpg,275,183,nail,128,15,137,26
279.jpg,275,183,nail,113,34,120,44
279.jpg,275,183,nail,124,32,132,44
280.jpg,331,152,nail,191,96,200,104
280.jpg,331,152,nail,135,110,145,117
280.jpg,331,152,nail,144,120,157,127
280.jpg,331,152,nail,221,135,230,149
280.jpg,331,152,nail,194,140,203,150
280.jpg,331,152,nail,227,94,236,108
280.jpg,331,152,nail,230,84,234,90
280.jpg,331,152,nail,222,72,227,79
280.jpg,331,152,nail,212,66,216,70
280.jpg,331,152,nail,199,63,203,66
282.jpg,300,168,nail,115,73,158,108
282.jpg,300,168,nail,55,62,91,93
282.jpg,300,168,nail,34,34,56,70
283.jpg,200,200,nail,80,99,94,117
283.jpg,200,200,nail,38,112,58,132
283.jpg,200,200,nail,80,155,95,174
283.jpg,200,200,nail,127,176,145,200
283.jpg,200,200,nail,159,175,180,200
283.jpg,200,200,nail,171,145,191,168
283.jpg,200,200,nail,9,106,30,129
283.jpg,200,200,nail,3,79,23,99
283.jpg,200,200,nail,31,8,47,21
283.jpg,200,200,nail,155,66,173,75
284.jpg,347,145,nail,217,111,241,126
284.jpg,347,145,nail,179,114,203,132
284.jpg,347,145,nail,152,124,164,133
284.jpg,347,145,nail,133,119,145,131
284.jpg,347,145,nail,119,112,129,121
284.jpg,347,145,nail,103,96,112,105
284.jpg,347,145,nail,216,38,235,60
284.jpg,347,145,nail,240,43,262,66
284.jpg,347,145,nail,254,26,271,47
284.jpg,347,145,nail,172,6,191,22
284.jpg,347,145,nail,176,24,194,42
284.jpg,347,145,nail,143,9,162,29
284.jpg,347,145,nail,277,114,288,124
284.jpg,347,145,nail,291,103,300,112
284.jpg,347,145,nail,310,86,318,94
284.jpg,347,145,nail,135,1,149,12
285.jpg,259,194,nail,138,23,214,85
637.jpg,225,225,nail,87,50,121,78
637.jpg,225,225,nail,135,52,166,80
637.jpg,225,225,nail,170,37,197,63
637.jpg,225,225,nail,67,67,99,96
637.jpg,225,225,nail,53,91,80,118
638.jpg,225,225,nail,23,19,88,59
638.jpg,225,225,nail,13,76,65,174
638.jpg,225,225,nail,70,84,113,188
638.jpg,225,225,nail,129,69,176,167
638.jpg,225,225,nail,180,81,225,152
639.jpg,225,225,nail,94,34,114,63
639.jpg,225,225,nail,100,66,121,98
639.jpg,225,225,nail,122,64,147,89
639.jpg,225,225,nail,164,46,186,76
639.jpg,225,225,nail,13,163,23,173
639.jpg,225,225,nail,59,96,79,119
639.jpg,225,225,nail,97,113,119,143
639.jpg,225,225,nail,120,113,139,144
639.jpg,225,225,nail,128,91,148,119
639.jpg,225,225,nail,80,187,109,218
639.jpg,225,225,nail,59,200,78,215
639.jpg,225,225,nail,39,191,55,205
639.jpg,225,225,nail,24,179,38,192
639.jpg,225,225,nail,125,193,154,220
639.jpg,225,225,nail,160,208,178,216
639.jpg,225,225,nail,180,197,197,210
639.jpg,225,225,nail,201,191,214,200
639.jpg,225,225,nail,218,172,225,181
640.jpg,289,175,nail,25,49,49,77
640.jpg,289,175,nail,30,1,48,28
640.jpg,289,175,nail,39,71,58,96
640.jpg,289,175,nail,55,83,72,110
640.jpg,289,175,nail,75,92,93,116
640.jpg,289,175,nail,190,50,217,73
640.jpg,289,175,nail,197,65,225,90
640.jpg,289,175,nail,206,81,233,108
640.jpg,289,175,nail,216,104,241,123
640.jpg,289,175,nail,200,1,215,15
641.jpg,259,194,nail,61,83,102,125
641.jpg,259,194,nail,99,90,140,138
641.jpg,259,194,nail,126,83,161,135
641.jpg,259,194,nail,149,66,183,116
641.jpg,259,194,nail,162,24,189,61
642.jpg,225,225,nail,51,125,77,156
642.jpg,225,225,nail,64,106,101,140
642.jpg,225,225,nail,91,86,127,117
642.jpg,225,225,nail,113,67,154,91
642.jpg,225,225,nail,169,26,197,59
643.jpg,205,246,nail,42,79,69,110
643.jpg,205,246,nail,78,127,103,163
643.jpg,205,246,nail,115,103,146,141
643.jpg,205,246,nail,176,38,202,68
643.jpg,205,246,nail,51,198,86,236
643.jpg,205,246,nail,115,192,150,229
643.jpg,205,246,nail,120,144,146,173
644.jpg,225,225,nail,40,5,93,41
644.jpg,225,225,nail,18,49,81,89
644.jpg,225,225,nail,45,83,109,114
644.jpg,225,225,nail,111,101,164,125
644.jpg,225,225,nail,17,139,45,197
644.jpg,225,225,nail,53,130,79,191
644.jpg,225,225,nail,79,132,106,200
644.jpg,225,225,nail,109,167,128,216
645.jpg,225,225,nail,80,62,122,110
645.jpg,225,225,nail,168,57,203,114
645.jpg,225,225,nail,123,65,162,119
645.jpg,225,225,nail,62,93,106,136
645.jpg,225,225,nail,45,135,95,183
646.jpg,225,225,nail,92,90,118,113
646.jpg,225,225,nail,18,110,38,134
646.jpg,225,225,nail,118,92,143,116
646.jpg,225,225,nail,139,97,162,122
646.jpg,225,225,nail,149,118,169,140
647.jpg,310,162,nail,78,19,106,43
647.jpg,310,162,nail,143,29,179,64
647.jpg,310,162,nail,184,21,217,65
647.jpg,310,162,nail,220,17,251,54
647.jpg,310,162,nail,32,50,45,92
647.jpg,310,162,nail,103,109,134,156
647.jpg,310,162,nail,138,111,168,156
647.jpg,310,162,nail,172,118,201,162
647.jpg,310,162,nail,203,95,225,129
648.jpg,219,230,nail,91,42,125,85
648.jpg,219,230,nail,76,74,115,121
648.jpg,219,230,nail,41,85,82,128
648.jpg,219,230,nail,81,141,102,191
648.jpg,219,230,nail,56,146,75,186
648.jpg,219,230,nail,111,152,136,205
648.jpg,219,230,nail,122,116,154,142
648.jpg,219,230,nail,148,159,172,205
649.jpg,310,163,nail,193,1,237,32
649.jpg,310,163,nail,156,43,205,78
649.jpg,310,163,nail,175,103,232,142
649.jpg,310,163,nail,183,143,223,163
649.jpg,310,163,nail,116,75,168,145
649.jpg,310,163,nail,66,47,122,114
649.jpg,310,163,nail,26,21,78,75
650.jpg,345,146,nail,114,13,169,35
650.jpg,345,146,nail,123,36,174,63
650.jpg,345,146,nail,142,51,184,89
650.jpg,345,146,nail,169,63,204,114
650.jpg,345,146,nail,194,73,226,125
651.jpg,238,212,nail,101,55,128,82
651.jpg,238,212,nail,126,67,150,101
651.jpg,238,212,nail,78,88,111,134
651.jpg,238,212,nail,50,113,91,156
651.jpg,238,212,nail,1,126,38,165
651.jpg,238,212,nail,128,111,167,149
651.jpg,238,212,nail,155,138,199,184
651.jpg,238,212,nail,205,153,238,192
652.jpg,225,225,nail,146,15,185,58
652.jpg,225,225,nail,110,24,154,67
652.jpg,225,225,nail,106,55,148,100
652.jpg,225,225,nail,113,111,143,150
652.jpg,225,225,nail,41,142,90,182
652.jpg,225,225,nail,7,128,56,165
652.jpg,225,225,nail,7,97,52,128
652.jpg,225,225,nail,32,50,70,80
653.jpg,275,183,nail,204,68,272,100
653.jpg,275,183,nail,208,124,244,175
653.jpg,275,183,nail,164,97,202,151
653.jpg,275,183,nail,127,82,154,120
653.jpg,275,183,nail,140,86,177,137
653.jpg,275,183,nail,89,56,118,97
653.jpg,275,183,nail,66,32,105,80
653.jpg,275,183,nail,39,11,81,61
653.jpg,275,183,nail,7,1,46,37
654.jpg,225,225,nail,98,100,123,132
654.jpg,225,225,nail,120,119,151,154
654.jpg,225,225,nail,64,22,84,49
654.jpg,225,225,nail,108,159,143,190
654.jpg,225,225,nail,91,187,122,206
655.jpg,290,174,nail,92,21,142,47
655.jpg,290,174,nail,168,34,218,63
655.jpg,290,174,nail,166,69,220,99
655.jpg,290,174,nail,171,106,222,137
655.jpg,290,174,nail,198,143,231,164
655.jpg,290,174,nail,101,141,136,160
655.jpg,290,174,nail,99,109,152,139
655.jpg,290,174,nail,91,65,146,99
655.jpg,290,174,nail,150,9,182,64
655.jpg,290,174,nail,109,5,142,61
656.jpg,230,220,nail,95,81,111,94
656.jpg,230,220,nail,133,78,148,90
656.jpg,230,220,nail,160,40,177,54
656.jpg,230,220,nail,176,116,190,126
656.jpg,230,220,nail,147,106,164,117
656.jpg,230,220,nail,131,93,146,106
656.jpg,230,220,nail,197,159,208,183
656.jpg,230,220,nail,222,110,230,123
656.jpg,230,220,nail,169,165,181,186
656.jpg,230,220,nail,138,151,151,170
656.jpg,230,220,nail,120,128,131,142
656.jpg,230,220,nail,101,100,120,114
656.jpg,230,220,nail,104,124,117,141
656.jpg,230,220,nail,86,121,106,134
656.jpg,230,220,nail,56,133,73,146
656.jpg,230,220,nail,97,152,112,171
656.jpg,230,220,nail,84,174,100,196
656.jpg,230,220,nail,50,179,63,202
656.jpg,230,220,nail,45,48,68,60
657.jpg,225,225,nail,79,31,125,100
657.jpg,225,225,nail,122,22,161,96
657.jpg,225,225,nail,151,39,187,112
657.jpg,225,225,nail,179,84,205,145
657.jpg,225,225,nail,21,106,38,162
658.jpg,225,225,nail,19,31,51,80
658.jpg,225,225,nail,72,44,112,97
658.jpg,225,225,nail,111,45,142,105
658.jpg,225,225,nail,148,9,178,68
658.jpg,225,225,nail,148,142,176,205
658.jpg,225,225,nail,114,136,148,199
658.jpg,225,225,nail,82,135,114,198
658.jpg,225,225,nail,53,144,90,186
659.jpg,225,225,nail,88,24,142,45
659.jpg,225,225,nail,27,100,68,138
659.jpg,225,225,nail,26,126,71,166
659.jpg,225,225,nail,34,145,79,177
659.jpg,225,225,nail,64,148,104,180
660.jpg,217,232,nail,146,55,208,117
660.jpg,217,232,nail,121,83,180,145
660.jpg,217,232,nail,97,104,153,169
660.jpg,217,232,nail,73,122,121,187
660.jpg,217,232,nail,43,136,91,202
660.jpg,217,232,nail,17,145,57,211
661.jpg,171,295,nail,114,19,171,57
661.jpg,171,295,nail,89,58,158,96
661.jpg,171,295,nail,61,87,130,130
661.jpg,171,295,nail,30,129,100,168
662.jpg,259,195,nail,67,36,107,80
662.jpg,259,195,nail,102,69,146,113
662.jpg,259,195,nail,20,105,85,154
662.jpg,259,195,nail,113,114,158,150
662.jpg,259,195,nail,131,155,170,181
663.jpg,225,225,nail,155,23,212,49
663.jpg,225,225,nail,130,84,197,111
663.jpg,225,225,nail,132,123,192,145
663.jpg,225,225,nail,162,166,206,190
663.jpg,225,225,nail,60,167,99,194
663.jpg,225,225,nail,47,125,103,149
663.jpg,225,225,nail,33,85,93,111
663.jpg,225,225,nail,79,28,104,48
663.jpg,225,225,nail,12,18,63,45
663.jpg,225,225,nail,104,24,131,38
664.jpg,244,206,nail,183,47,214,69
664.jpg,244,206,nail,186,74,223,99
664.jpg,244,206,nail,146,89,179,114
664.jpg,244,206,nail,76,97,102,118
664.jpg,244,206,nail,133,136,155,164
664.jpg,244,206,nail,67,152,100,184
664.jpg,244,206,nail,19,151,56,187
664.jpg,244,206,nail,15,122,46,152
665.jpg,225,225,nail,7,160,33,216
665.jpg,225,225,nail,36,160,58,216
665.jpg,225,225,nail,60,163,83,217
665.jpg,225,225,nail,85,165,105,214
665.jpg,225,225,nail,106,165,127,214
665.jpg,225,225,nail,128,164,148,213
665.jpg,225,225,nail,149,167,166,212
665.jpg,225,225,nail,167,168,184,212
665.jpg,225,225,nail,186,168,201,211
665.jpg,225,225,nail,203,170,217,211
665.jpg,225,225,nail,63,36,95,82
665.jpg,225,225,nail,78,52,117,96
665.jpg,225,225,nail,93,69,134,113
665.jpg,225,225,nail,109,87,147,121
666.jpg,234,216,nail,65,52,91,110
666.jpg,234,216,nail,107,37,130,96
666.jpg,234,216,nail,130,55,167,108
666.jpg,234,216,nail,151,107,198,144
666.jpg,234,216,nail,76,123,139,155
667.jpg,225,225,nail,65,46,107,99
667.jpg,225,225,nail,11,3,60,49
667.jpg,225,225,nail,57,121,104,172
667.jpg,225,225,nail,95,154,144,204
667.jpg,225,225,nail,151,167,188,199
668.jpg,225,225,nail,60,27,82,64
668.jpg,225,225,nail,85,61,105,97
668.jpg,225,225,nail,113,57,137,90
668.jpg,225,225,nail,162,34,180,60
668.jpg,225,225,nail,158,105,176,135
668.jpg,225,225,nail,132,97,154,133
668.jpg,225,225,nail,107,105,126,139
668.jpg,225,225,nail,73,117,93,150
668.jpg,225,225,nail,24,150,35,164
669.jpg,255,197,nail,205,32,234,71
669.jpg,255,197,nail,181,29,208,83
669.jpg,255,197,nail,155,39,177,93
669.jpg,255,197,nail,124,24,143,72
669.jpg,255,197,nail,113,32,121,50
669.jpg,255,197,nail,18,24,40,40
669.jpg,255,197,nail,49,40,102,69
669.jpg,255,197,nail,72,63,122,96
669.jpg,255,197,nail,81,81,126,121
669.jpg,255,197,nail,98,106,134,141
670.jpg,225,225,nail,123,25,156,70
670.jpg,225,225,nail,95,67,147,108
670.jpg,225,225,nail,51,54,95,102
670.jpg,225,225,nail,36,71,75,124
670.jpg,225,225,nail,39,124,70,176
672.jpg,226,223,nail,147,9,168,65
672.jpg,226,223,nail,149,76,167,121
672.jpg,226,223,nail,104,40,128,95
672.jpg,226,223,nail,64,30,88,81
672.jpg,226,223,nail,39,6,57,44
672.jpg,226,223,nail,56,94,74,144
672.jpg,226,223,nail,87,122,110,179
672.jpg,226,223,nail,116,113,139,169
673.jpg,275,183,nail,154,55,187,76
673.jpg,275,183,nail,182,62,220,84
673.jpg,275,183,nail,96,37,134,69
673.jpg,275,183,nail,94,65,138,96
673.jpg,275,183,nail,64,84,112,113
673.jpg,275,183,nail,3,95,40,121
673.jpg,275,183,nail,158,47,182,59
673.jpg,275,183,nail,90,7,113,24
674.jpg,232,217,nail,87,53,124,115
674.jpg,232,217,nail,33,53,73,108
674.jpg,232,217,nail,144,45,176,109
674.jpg,232,217,nail,176,55,203,101
674.jpg,232,217,nail,10,28,30,54
675.jpg,183,275,nail,15,50,39,73
675.jpg,183,275,nail,35,27,55,48
675.jpg,183,275,nail,53,41,75,61
675.jpg,183,275,nail,42,69,71,82
675.jpg,183,275,nail,40,85,62,100
675.jpg,183,275,nail,112,12,128,39
675.jpg,183,275,nail,141,3,159,29
675.jpg,183,275,nail,157,4,176,30
675.jpg,183,275,nail,129,51,150,76
675.jpg,183,275,nail,94,50,121,76
675.jpg,183,275,nail,90,61,104,83
675.jpg,183,275,nail,166,29,183,53
675.jpg,183,275,nail,150,163,176,200
675.jpg,183,275,nail,123,182,152,213
675.jpg,183,275,nail,145,220,183,250
675.jpg,183,275,nail,107,205,139,237
675.jpg,183,275,nail,100,240,128,265
675.jpg,183,275,nail,44,162,66,197
675.jpg,183,275,nail,20,150,38,188
675.jpg,183,275,nail,1,170,13,205
675.jpg,183,275,nail,80,200,92,230
675.jpg,183,275,nail,20,209,45,241
675.jpg,183,275,nail,44,210,70,244
675.jpg,183,275,nail,55,235,76,270
676.jpg,222,227,nail,110,1,158,66
676.jpg,222,227,nail,98,46,145,106
676.jpg,222,227,nail,72,67,122,125
676.jpg,222,227,nail,22,59,71,108
676.jpg,222,227,nail,150,130,176,196
676.jpg,222,227,nail,114,131,140,193
676.jpg,222,227,nail,82,133,109,198
676.jpg,222,227,nail,51,134,88,192
677.jpg,259,194,nail,136,33,161,64
677.jpg,259,194,nail,107,32,130,66
677.jpg,259,194,nail,81,43,106,76
677.jpg,259,194,nail,53,64,68,76
677.jpg,259,194,nail,141,85,178,114
677.jpg,259,194,nail,121,144,142,169
677.jpg,259,194,nail,98,130,120,159
677.jpg,259,194,nail,73,124,96,157
677.jpg,259,194,nail,59,106,81,140
677.jpg,259,194,nail,71,164,106,191
678.jpg,194,259,nail,99,108,121,123
678.jpg,194,259,nail,97,123,122,141
678.jpg,194,259,nail,90,136,115,150
678.jpg,194,259,nail,69,144,91,156
678.jpg,194,259,nail,70,80,89,88
679.jpg,357,141,nail,225,31,258,59
679.jpg,357,141,nail,247,47,279,76
679.jpg,357,141,nail,296,51,324,72
679.jpg,357,141,nail,290,88,308,113
679.jpg,357,141,nail,271,81,290,116
679.jpg,357,141,nail,252,82,271,116
679.jpg,357,141,nail,231,85,247,111
679.jpg,357,141,nail,77,38,105,61
679.jpg,357,141,nail,78,58,108,80
679.jpg,357,141,nail,87,73,112,92
679.jpg,357,141,nail,112,81,138,95
679.jpg,357,141,nail,59,87,77,119
679.jpg,357,141,nail,74,112,84,141
679.jpg,357,141,nail,38,90,57,124
679.jpg,357,141,nail,18,99,37,131
680.jpg,252,200,nail,191,31,207,53
680.jpg,252,200,nail,154,117,169,135
680.jpg,252,200,nail,127,120,144,146
680.jpg,252,200,nail,89,126,105,155
680.jpg,252,200,nail,57,105,70,130
680.jpg,252,200,nail,34,134,51,160
680.jpg,252,200,nail,57,155,77,182
680.jpg,252,200,nail,103,146,119,174
680.jpg,252,200,nail,38,65,47,84
680.jpg,252,200,nail,13,37,25,48
681.jpg,275,183,nail,95,23,113,51
681.jpg,275,183,nail,161,23,180,51
681.jpg,275,183,nail,224,23,241,52
681.jpg,275,183,nail,28,23,46,51
681.jpg,275,183,nail,28,102,46,129
681.jpg,275,183,nail,95,100,113,130
681.jpg,275,183,nail,162,101,177,129
681.jpg,275,183,nail,226,101,242,129
682.jpg,391,129,nail,34,61,52,76
682.jpg,391,129,nail,133,19,162,55
682.jpg,391,129,nail,156,10,180,47
682.jpg,391,129,nail,178,3,197,43
682.jpg,391,129,nail,201,2,221,45
682.jpg,391,129,nail,168,75,185,115
682.jpg,391,129,nail,184,78,204,117
682.jpg,391,129,nail,201,81,224,121
682.jpg,391,129,nail,217,89,243,125
682.jpg,391,129,nail,308,1,324,29
682.jpg,391,129,nail,320,15,337,39
682.jpg,391,129,nail,54,94,68,108
683.jpg,300,168,nail,38,26,64,54
683.jpg,300,168,nail,22,71,50,99
683.jpg,300,168,nail,55,96,81,122
683.jpg,300,168,nail,122,120,148,145
684.jpg,222,227,nail,91,88,118,125
684.jpg,222,227,nail,176,78,196,111
684.jpg,222,227,nail,191,141,217,187
684.jpg,222,227,nail,152,168,180,218
684.jpg,222,227,nail,88,155,111,199
684.jpg,222,227,nail,21,120,39,155
684.jpg,222,227,nail,34,80,61,116
684.jpg,222,227,nail,2,35,29,72
685.jpg,299,168,nail,150,78,213,146
685.jpg,299,168,nail,231,103,286,156
685.jpg,299,168,nail,115,104,177,168
685.jpg,299,168,nail,12,105,90,155
685.jpg,299,168,nail,69,1,110,81
685.jpg,299,168,nail,125,1,163,79
685.jpg,299,168,nail,176,1,210,72
685.jpg,299,168,nail,8,1,59,80
686.jpg,264,191,nail,79,1,100,35
686.jpg,264,191,nail,104,47,126,79
686.jpg,264,191,nail,126,65,151,100
686.jpg,264,191,nail,148,78,175,116
686.jpg,264,191,nail,111,114,139,149
686.jpg,264,191,nail,65,103,95,138
686.jpg,264,191,nail,46,133,75,166
686.jpg,264,191,nail,155,118,183,148
686.jpg,264,191,nail,177,145,202,169
687.jpg,225,225,nail,70,177,90,215
687.jpg,225,225,nail,125,179,148,216
687.jpg,225,225,nail,170,158,191,193
687.jpg,225,225,nail,201,122,219,156
687.jpg,225,225,nail,9,104,25,145
688.jpg,244,206,nail,128,15,181,67
688.jpg,244,206,nail,92,49,150,104
688.jpg,244,206,nail,93,111,158,163
688.jpg,244,206,nail,105,168,156,206
689.jpg,214,236,nail,48,72,70,112
689.jpg,214,236,nail,90,85,118,138
689.jpg,214,236,nail,69,121,92,170
689.jpg,214,236,nail,101,28,134,81
689.jpg,214,236,nail,135,5,162,64
689.jpg,214,236,nail,149,47,181,101
689.jpg,214,236,nail,121,105,156,159
689.jpg,214,236,nail,175,158,202,204
690.jpg,258,195,nail,113,19,146,82
690.jpg,258,195,nail,20,66,89,98
690.jpg,258,195,nail,11,99,84,134
690.jpg,258,195,nail,99,26,119,53
690.jpg,258,195,nail,194,26,242,101
690.jpg,258,195,nail,137,35,184,117
690.jpg,258,195,nail,28,127,118,161
690.jpg,258,195,nail,116,154,188,183
691.jpg,225,224,nail,130,43,140,66
691.jpg,225,224,nail,85,125,100,150
691.jpg,225,224,nail,62,141,80,165
691.jpg,225,224,nail,42,124,58,147
691.jpg,225,224,nail,15,86,30,106
691.jpg,225,224,nail,106,141,126,164
691.jpg,225,224,nail,109,170,132,195
691.jpg,225,224,nail,139,173,162,195
691.jpg,225,224,nail,182,169,203,187
691.jpg,225,224,nail,136,53,156,75
692.jpg,259,194,nail,112,59,130,71
692.jpg,259,194,nail,101,94,122,108
692.jpg,259,194,nail,122,104,145,118
692.jpg,259,194,nail,158,121,174,133
692.jpg,259,194,nail,57,63,80,74
692.jpg,259,194,nail,72,16,88,37
692.jpg,259,194,nail,49,26,56,38
695.jpg,224,225,nail,152,41,174,68
695.jpg,224,225,nail,132,66,154,96
695.jpg,224,225,nail,148,100,164,128
695.jpg,224,225,nail,94,128,118,159
695.jpg,224,225,nail,54,139,79,176
695.jpg,224,225,nail,34,120,55,151
695.jpg,224,225,nail,58,31,79,58
695.jpg,224,225,nail,35,25,48,52
695.jpg,224,225,nail,94,59,116,89
696.jpg,302,167,nail,185,8,206,33
696.jpg,302,167,nail,228,20,255,45
696.jpg,302,167,nail,192,49,211,76
696.jpg,302,167,nail,179,89,202,119
696.jpg,302,167,nail,158,135,181,162
696.jpg,302,167,nail,115,43,136,72
696.jpg,302,167,nail,52,35,82,66
698.jpg,318,159,nail,235,28,285,65
698.jpg,318,159,nail,226,60,278,94
698.jpg,318,159,nail,230,85,285,114
698.jpg,318,159,nail,251,99,302,124
698.jpg,318,159,nail,169,32,182,48
698.jpg,318,159,nail,135,15,152,33
698.jpg,318,159,nail,112,13,130,34
698.jpg,318,159,nail,106,31,118,47
698.jpg,318,159,nail,112,89,126,106
698.jpg,318,159,nail,66,45,89,71
698.jpg,318,159,nail,31,64,55,94
698.jpg,318,159,nail,10,62,31,90
698.jpg,318,159,nail,1,38,17,62
699.jpg,225,224,nail,44,35,78,59
699.jpg,225,224,nail,36,64,72,86
699.jpg,225,224,nail,53,81,90,100
699.jpg,225,224,nail,116,89,145,105
699.jpg,225,224,nail,136,139,158,174
699.jpg,225,224,nail,111,114,131,159
699.jpg,225,224,nail,79,112,109,163
699.jpg,225,224,nail,49,120,80,164
700.jpg,310,163,nail,210,16,228,47
700.jpg,310,163,nail,220,31,242,63
700.jpg,310,163,nail,236,42,260,71
700.jpg,310,163,nail,264,39,288,61
700.jpg,310,163,nail,287,81,304,107
700.jpg,310,163,nail,265,73,281,105
700.jpg,310,163,nail,249,67,263,103
700.jpg,310,163,nail,225,77,239,111
700.jpg,310,163,nail,114,40,136,73
700.jpg,310,163,nail,137,63,155,107
700.jpg,310,163,nail,147,90,174,123
700.jpg,310,163,nail,149,121,175,146
700.jpg,310,163,nail,7,67,33,87
700.jpg,310,163,nail,2,87,29,104
700.jpg,310,163,nail,2,103,35,116
700.jpg,310,163,nail,14,116,40,127
700.jpg,310,163,nail,64,29,86,36
701.jpg,195,259,nail,104,53,182,101
701.jpg,195,259,nail,108,100,187,143
701.jpg,195,259,nail,106,142,185,175
701.jpg,195,259,nail,105,178,174,203
701.jpg,195,259,nail,1,177,25,246
701.jpg,195,259,nail,47,1,132,23
702.jpg,225,225,nail,176,109,213,168
702.jpg,225,225,nail,93,45,133,88
702.jpg,225,225,nail,172,19,197,57
702.jpg,225,225,nail,90,138,128,186
702.jpg,225,225,nail,27,102,58,141
702.jpg,225,225,nail,12,18,44,67
702.jpg,225,225,nail,30,49,74,97
702.jpg,225,225,nail,144,144,187,203
703.jpg,268,188,nail,210,94,231,142
703.jpg,268,188,nail,178,100,218,167
703.jpg,268,188,nail,117,92,163,156
703.jpg,268,188,nail,76,105,109,159
703.jpg,268,188,nail,29,112,60,154
704.jpg,224,225,nail,116,12,137,32
704.jpg,224,225,nail,172,41,189,59
704.jpg,224,225,nail,177,89,193,114
704.jpg,224,225,nail,165,109,181,137
704.jpg,224,225,nail,54,139,86,168
704.jpg,224,225,nail,76,92,91,111
704.jpg,224,225,nail,72,47,92,71
704.jpg,224,225,nail,90,19,110,40
705.jpg,225,225,nail,165,7,205,50
705.jpg,225,225,nail,166,56,206,94
705.jpg,225,225,nail,125,66,173,103
705.jpg,225,225,nail,51,67,86,94
705.jpg,225,225,nail,101,120,130,169
705.jpg,225,225,nail,138,135,169,183
705.jpg,225,225,nail,71,133,98,179
705.jpg,225,225,nail,34,176,59,220
706.jpg,225,225,nail,110,65,136,86
706.jpg,225,225,nail,147,20,164,48
706.jpg,225,225,nail,115,8,132,33
706.jpg,225,225,nail,55,51,84,76
706.jpg,225,225,nail,29,66,54,91
706.jpg,225,225,nail,16,95,42,119
706.jpg,225,225,nail,53,192,90,222
706.jpg,225,225,nail,65,34,81,56
706.jpg,225,225,nail,134,1,151,24
707.jpg,272,185,nail,232,87,257,112
707.jpg,272,185,nail,191,108,210,141
707.jpg,272,185,nail,158,100,186,132
707.jpg,272,185,nail,131,69,160,102
707.jpg,272,185,nail,100,21,128,41
707.jpg,272,185,nail,87,141,130,175
707.jpg,272,185,nail,120,95,152,125
708.jpg,300,168,nail,174,51,184,60
708.jpg,300,168,nail,155,38,165,49
708.jpg,300,168,nail,142,35,153,46
708.jpg,300,168,nail,134,45,144,58
708.jpg,300,168,nail,133,92,141,104
708.jpg,300,168,nail,81,108,91,119
708.jpg,300,168,nail,55,76,64,86
708.jpg,300,168,nail,41,73,51,84
708.jpg,300,168,nail,33,83,41,93
708.jpg,300,168,nail,28,103,35,113
709.jpg,268,188,nail,169,15,215,70
709.jpg,268,188,nail,138,58,188,115
709.jpg,268,188,nail,90,65,137,120
709.jpg,268,188,nail,7,26,47,71
709.jpg,268,188,nail,186,120,234,180
709.jpg,268,188,nail,138,122,186,181
709.jpg,268,188,nail,102,138,140,188
709.jpg,268,188,nail,70,150,99,188
710.jpg,194,259,nail,27,102,49,125
710.jpg,194,259,nail,37,93,63,120
710.jpg,194,259,nail,50,83,73,108
710.jpg,194,259,nail,62,74,84,101
710.jpg,194,259,nail,54,17,79,46
710.jpg,194,259,nail,105,47,117,80
710.jpg,194,259,nail,123,75,137,111
710.jpg,194,259,nail,139,77,154,113
710.jpg,194,259,nail,154,85,169,121
710.jpg,194,259,nail,165,91,180,121
711.jpg,182,276,nail,99,132,126,169
711.jpg,182,276,nail,61,118,81,147
711.jpg,182,276,nail,55,173,77,198
711.jpg,182,276,nail,99,193,124,225
712.jpg,272,185,nail,173,17,221,52
712.jpg,272,185,nail,135,32,189,70
712.jpg,272,185,nail,131,60,180,98
712.jpg,272,185,nail,159,101,193,133
712.jpg,272,185,nail,39,19,85,55
712.jpg,272,185,nail,73,36,127,72
712.jpg,272,185,nail,82,64,127,100
712.jpg,272,185,nail,76,102,110,129
713.jpg,225,224,nail,68,20,136,90
713.jpg,225,224,nail,173,90,210,143
713.jpg,225,224,nail,124,111,153,175
713.jpg,225,224,nail,69,119,103,186
713.jpg,225,224,nail,11,117,47,177
714.jpg,225,225,nail,76,12,105,41
714.jpg,225,225,nail,95,57,115,89
714.jpg,225,225,nail,111,86,135,119
714.jpg,225,225,nail,131,104,153,138
714.jpg,225,225,nail,150,126,168,150
715.jpg,196,257,nail,50,39,76,72
715.jpg,196,257,nail,68,9,101,43
715.jpg,196,257,nail,103,1,139,39
715.jpg,196,257,nail,50,96,70,122
715.jpg,196,257,nail,87,87,130,121
715.jpg,196,257,nail,121,107,163,143
715.jpg,196,257,nail,131,138,169,176
715.jpg,196,257,nail,123,195,147,226
716.jpg,209,241,nail,68,30,95,59
716.jpg,209,241,nail,125,17,166,49
716.jpg,209,241,nail,161,15,197,52
716.jpg,209,241,nail,175,51,209,79
716.jpg,209,241,nail,133,157,169,185
717.jpg,260,194,nail,146,10,175,66
717.jpg,260,194,nail,110,15,137,74
717.jpg,260,194,nail,92,37,121,89
717.jpg,260,194,nail,73,57,103,98
717.jpg,260,194,nail,98,94,166,120
717.jpg,260,194,nail,43,134,88,194
717.jpg,260,194,nail,98,145,168,178
717.jpg,260,194,nail,113,184,168,194
718.jpg,299,168,nail,216,76,254,111
718.jpg,299,168,nail,176,31,228,81
718.jpg,299,168,nail,133,1,191,48
718.jpg,299,168,nail,100,11,142,62
718.jpg,299,168,nail,79,46,133,91
718.jpg,299,168,nail,17,56,78,101
718.jpg,299,168,nail,49,92,105,145
718.jpg,299,168,nail,80,129,129,168
720.jpg,387,130,nail,338,43,362,76
720.jpg,387,130,nail,276,86,305,121
720.jpg,387,130,nail,222,93,255,127
721.jpg,214,235,nail,67,53,107,90
721.jpg,214,235,nail,56,87,99,125
721.jpg,214,235,nail,49,124,91,152
721.jpg,214,235,nail,41,150,76,171
721.jpg,214,235,nail,102,127,136,168
721.jpg,214,235,nail,114,93,148,129
721.jpg,214,235,nail,153,90,190,126
721.jpg,214,235,nail,92,196,119,230
721.jpg,214,235,nail,41,1,89,22
722.jpg,299,169,nail,124,33,173,90
722.jpg,299,169,nail,211,84,266,147
722.jpg,299,169,nail,187,128,246,169
722.jpg,299,169,nail,127,130,186,169
722.jpg,299,169,nail,46,96,88,145
722.jpg,299,169,nail,33,1,78,55
722.jpg,299,169,nail,65,41,114,96
722.jpg,299,169,nail,181,1,206,41
724.jpg,225,225,nail,23,49,64,89
724.jpg,225,225,nail,81,32,133,82
724.jpg,225,225,nail,32,131,64,190
724.jpg,225,225,nail,65,134,106,202
724.jpg,225,225,nail,112,125,156,204
724.jpg,225,225,nail,169,134,215,211
724.jpg,225,225,nail,128,4,188,65
724.jpg,225,225,nail,167,1,216,24
725.jpg,190,265,nail,113,28,163,89
725.jpg,190,265,nail,95,58,148,125
725.jpg,190,265,nail,61,65,125,132
725.jpg,190,265,nail,1,59,65,130
725.jpg,190,265,nail,39,141,69,213
725.jpg,190,265,nail,68,144,97,230
725.jpg,190,265,nail,102,148,133,237
725.jpg,190,265,nail,141,148,172,232
726.jpg,225,225,nail,59,9,99,77
726.jpg,225,225,nail,90,50,134,118
726.jpg,225,225,nail,122,50,172,112
726.jpg,225,225,nail,181,33,225,82
726.jpg,225,225,nail,11,111,57,177
726.jpg,225,225,nail,51,100,91,171
726.jpg,225,225,nail,88,124,118,188
726.jpg,225,225,nail,118,157,142,218
727.jpg,198,254,nail,15,67,34,90
727.jpg,198,254,nail,26,149,43,177
727.jpg,198,254,nail,38,170,56,202
727.jpg,198,254,nail,57,169,76,200
727.jpg,198,254,nail,76,189,92,211
727.jpg,198,254,nail,104,210,124,239
727.jpg,198,254,nail,128,216,146,247
727.jpg,198,254,nail,143,195,161,225
727.jpg,198,254,nail,94,148,109,167
727.jpg,198,254,nail,171,118,187,137
728.jpg,225,225,nail,117,72,149,88
728.jpg,225,225,nail,142,139,166,163
728.jpg,225,225,nail,130,166,151,182
728.jpg,225,225,nail,115,195,135,211
729.jpg,300,168,nail,16,48,53,104
729.jpg,300,168,nail,52,63,86,108
729.jpg,300,168,nail,85,56,118,100
729.jpg,300,168,nail,118,61,135,100
729.jpg,300,168,nail,8,102,46,155
729.jpg,300,168,nail,48,103,84,155
729.jpg,300,168,nail,84,102,118,146
729.jpg,300,168,nail,117,106,147,147
729.jpg,300,168,nail,168,70,192,115
729.jpg,300,168,nail,194,71,220,118
729.jpg,300,168,nail,224,77,249,125
729.jpg,300,168,nail,251,80,275,127
729.jpg,300,168,nail,161,110,214,150
730.jpg,208,242,nail,131,69,176,107
730.jpg,208,242,nail,131,124,151,174
730.jpg,208,242,nail,105,112,128,172
730.jpg,208,242,nail,75,128,101,191
730.jpg,208,242,nail,45,155,72,214
730.jpg,208,242,nail,18,27,66,80
730.jpg,208,242,nail,3,78,64,135
730.jpg,208,242,nail,40,84,105,140
731.jpg,225,225,nail,59,27,98,66
731.jpg,225,225,nail,56,64,101,103
731.jpg,225,225,nail,85,78,129,111
731.jpg,225,225,nail,138,70,183,99
731.jpg,225,225,nail,151,116,169,161
731.jpg,225,225,nail,127,119,145,167
731.jpg,225,225,nail,101,112,122,161
731.jpg,225,225,nail,71,112,98,156
731.jpg,225,225,nail,30,164,51,211
732.jpg,225,225,nail,163,82,209,154
732.jpg,225,225,nail,102,53,157,120
732.jpg,225,225,nail,58,24,106,89
732.jpg,225,225,nail,27,29,75,82
733.jpg,353,143,nail,213,119,225,127
733.jpg,353,143,nail,198,96,209,106
733.jpg,353,143,nail,194,86,206,94
733.jpg,353,143,nail,203,77,215,85
733.jpg,353,143,nail,249,70,261,76
733.jpg,353,143,nail,251,58,265,68
733.jpg,353,143,nail,212,62,222,70
733.jpg,353,143,nail,201,53,212,63
733.jpg,353,143,nail,207,40,219,50
733.jpg,353,143,nail,220,17,229,22
733.jpg,353,143,nail,209,20,216,27
733.jpg,353,143,nail,187,29,196,39
733.jpg,353,143,nail,170,29,178,38
733.jpg,353,143,nail,164,20,172,29
733.jpg,353,143,nail,153,29,161,37
733.jpg,353,143,nail,149,37,158,49
733.jpg,353,143,nail,136,36,145,44
733.jpg,353,143,nail,116,33,123,41
733.jpg,353,143,nail,105,47,117,53
733.jpg,353,143,nail,124,59,136,65
733.jpg,353,143,nail,136,65,150,74
733.jpg,353,143,nail,132,76,145,81
733.jpg,353,143,nail,93,93,107,102
733.jpg,353,143,nail,96,101,110,112
733.jpg,353,143,nail,141,89,152,100
733.jpg,353,143,nail,153,97,166,108
733.jpg,353,143,nail,151,111,163,121
733.jpg,353,143,nail,142,127,154,139
734.jpg,216,233,nail,143,166,166,207
734.jpg,216,233,nail,112,111,145,154
734.jpg,216,233,nail,85,88,118,127
734.jpg,216,233,nail,42,96,76,135
734.jpg,216,233,nail,2,130,13,166
734.jpg,216,233,nail,141,64,174,85
734.jpg,216,233,nail,86,54,123,81
734.jpg,216,233,nail,55,35,90,68
734.jpg,216,233,nail,59,1,92,25
735.jpg,300,168,nail,232,19,299,75
735.jpg,300,168,nail,92,1,151,69
735.jpg,300,168,nail,87,50,154,117
735.jpg,300,168,nail,144,54,209,117
735.jpg,300,168,nail,132,150,155,168
735.jpg,300,168,nail,100,142,124,168
735.jpg,300,168,nail,61,131,107,168
736.jpg,225,224,nail,164,124,185,147
736.jpg,225,224,nail,153,145,176,171
736.jpg,225,224,nail,128,142,148,168
736.jpg,225,224,nail,101,113,119,133
736.jpg,225,224,nail,83,131,100,153
736.jpg,225,224,nail,55,120,78,140
736.jpg,225,224,nail,33,109,50,131
736.jpg,225,224,nail,32,88,47,106
736.jpg,225,224,nail,48,6,59,22
738.jpg,224,225,nail,104,18,147,87
738.jpg,224,225,nail,63,1,98,39
738.jpg,224,225,nail,136,28,172,95
738.jpg,224,225,nail,125,129,159,174
738.jpg,224,225,nail,29,106,66,165
738.jpg,224,225,nail,43,152,85,224
738.jpg,224,225,nail,72,155,114,217
738.jpg,224,225,nail,164,1,194,51
738.jpg,224,225,nail,32,42,65,76
739.jpg,201,251,nail,47,25,61,48
739.jpg,201,251,nail,31,40,44,60
739.jpg,201,251,nail,3,110,15,131
739.jpg,201,251,nail,63,40,76,64
739.jpg,201,251,nail,84,71,95,89
739.jpg,201,251,nail,134,35,154,46
739.jpg,201,251,nail,161,50,182,62
739.jpg,201,251,nail,175,65,199,80
739.jpg,201,251,nail,164,85,185,96
741.jpg,225,225,nail,146,60,170,78
741.jpg,225,225,nail,124,79,143,106
741.jpg,225,225,nail,165,85,187,101
741.jpg,225,225,nail,155,109,175,122
741.jpg,225,225,nail,146,131,163,144
741.jpg,225,225,nail,107,137,126,159
741.jpg,225,225,nail,72,151,96,179
741.jpg,225,225,nail,81,119,101,144
741.jpg,225,225,nail,57,117,76,143
741.jpg,225,225,nail,42,113,56,136
744.jpg,194,259,nail,27,81,86,108
744.jpg,194,259,nail,83,30,125,54
744.jpg,194,259,nail,4,121,69,150
744.jpg,194,259,nail,1,164,41,186
744.jpg,194,259,nail,102,1,128,6
745.jpg,225,225,nail,61,42,98,87
745.jpg,225,225,nail,49,94,67,130
745.jpg,225,225,nail,69,80,108,129
745.jpg,225,225,nail,101,86,143,125
745.jpg,225,225,nail,159,72,195,108
745.jpg,225,225,nail,140,117,159,164
745.jpg,225,225,nail,111,138,137,192
745.jpg,225,225,nail,86,127,112,174
746.jpg,225,225,nail,96,48,150,108
746.jpg,225,225,nail,151,20,209,81
746.jpg,225,225,nail,52,69,97,131
746.jpg,225,225,nail,7,116,39,167
747.jpg,225,225,nail,80,68,101,107
747.jpg,225,225,nail,100,72,123,116
747.jpg,225,225,nail,118,82,143,123
747.jpg,225,225,nail,139,95,158,129
747.jpg,225,225,nail,62,10,88,52
747.jpg,225,225,nail,49,133,86,168
747.jpg,225,225,nail,53,171,88,204
747.jpg,225,225,nail,74,123,112,153
747.jpg,225,225,nail,121,132,159,158
748.jpg,277,182,nail,70,40,107,70
748.jpg,277,182,nail,53,60,98,113
748.jpg,277,182,nail,35,94,78,152
748.jpg,277,182,nail,99,72,145,117
748.jpg,277,182,nail,180,109,214,150
748.jpg,277,182,nail,190,53,234,96
748.jpg,277,182,nail,175,10,218,56
748.jpg,277,182,nail,140,12,188,50
749.jpg,348,145,nail,296,37,320,62
749.jpg,348,145,nail,258,51,284,83
749.jpg,348,145,nail,234,39,257,73
749.jpg,348,145,nail,214,21,234,54
749.jpg,348,145,nail,272,89,296,118
749.jpg,348,145,nail,257,110,280,136
749.jpg,348,145,nail,232,117,262,144
749.jpg,348,145,nail,205,116,228,139
749.jpg,348,145,nail,92,25,112,47
749.jpg,348,145,nail,78,53,103,76
749.jpg,348,145,nail,91,70,115,87
749.jpg,348,145,nail,125,80,146,94
749.jpg,348,145,nail,77,96,94,122
749.jpg,348,145,nail,63,116,85,141
749.jpg,348,145,nail,39,113,61,136
749.jpg,348,145,nail,15,107,34,125
749.jpg,348,145,nail,77,21,89,32
751.jpg,261,193,nail,144,14,161,44
751.jpg,261,193,nail,171,28,187,56
751.jpg,261,193,nail,117,35,133,64
751.jpg,261,193,nail,134,91,156,108
751.jpg,261,193,nail,79,79,92,100
751.jpg,261,193,nail,72,98,98,119
751.jpg,261,193,nail,42,112,71,132
751.jpg,261,193,nail,44,139,65,160
752.jpg,220,229,nail,97,120,117,146
752.jpg,220,229,nail,71,107,93,137
752.jpg,220,229,nail,24,71,36,95
752.jpg,220,229,nail,44,69,65,94
752.jpg,220,229,nail,135,97,153,120
756.jpg,244,206,nail,147,54,175,78
756.jpg,244,206,nail,151,85,184,108
756.jpg,244,206,nail,174,121,191,146
756.jpg,244,206,nail,117,103,150,124
756.jpg,244,206,nail,112,145,138,177
756.jpg,244,206,nail,65,151,92,186
756.jpg,244,206,nail,56,119,85,136
756.jpg,244,206,nail,46,136,68,154
